chr	start	stop	num	list	BRCA	BRCAl	healthy	clusterID	distinct	num_distinct
1	976660	976738	1	2	0	1	0	0	{'2'}	1
1	1008207	1008236	1	1	1	0	0	1	{'1'}	1
1	1080029	1080085	1	2	0	1	0	2	{'2'}	1
1	1082563	1082634	1	1	1	0	0	3	{'1'}	1
1	1097111	1097180	1	2	0	1	0	4	{'2'}	1
1	1118391	1118438	1	3	0	0	1	5	{'3'}	1
1	1217057	1217104	1	3	0	0	1	6	{'3'}	1
1	1217343	1217402	1	3	0	0	1	7	{'3'}	1
1	1244851	1245040	1	3	0	0	1	8	{'3'}	1
1	1245107	1245184	1	3	0	0	1	9	{'3'}	1
1	1279636	1279715	1	1	1	0	0	10	{'1'}	1
1	1564721	1564781	1	2	0	1	0	11	{'2'}	1
1	1926792	1926846	1	1	1	0	0	12	{'1'}	1
1	1986116	1986258	1	1	1	0	0	13	{'1'}	1
1	2019240	2019302	1	1	1	0	0	14	{'1'}	1
1	2929257	2929325	1	1	1	0	0	15	{'1'}	1
1	3271646	3271704	1	1	1	0	0	16	{'1'}	1
1	3321991	3322014	1	2	0	1	0	17	{'2'}	1
1	3567393	3567417	1	2	0	1	0	18	{'2'}	1
1	6508696	6508784	1	1	1	0	0	19	{'1'}	1
1	6509009	6509081	1	1	1	0	0	20	{'1'}	1
1	10961205	10961304	1	3	0	0	1	21	{'3'}	1
1	15439014	15439103	1	2	0	1	0	22	{'2'}	1
1	16069658	16069739	1	1	1	0	0	23	{'1'}	1
1	16533377	16533434	1	1	1	0	0	24	{'1'}	1
1	16974596	16974633	1	2	0	1	0	25	{'2'}	1
1	17199133	17199239	1	2	0	1	0	26	{'2'}	1
1	18978552	18978608	1	2	0	1	0	27	{'2'}	1
1	19110631	19110768	1	2	0	1	0	28	{'2'}	1
1	31644489	31644577	1	1	1	0	0	29	{'1'}	1
1	32054710	32054773	1	2	0	1	0	30	{'2'}	1
1	32237853	32238004	1	2	0	1	0	31	{'2'}	1
1	34642509	34642563	1	1	1	0	0	32	{'1'}	1
1	44031486	44031559	1	2	0	1	0	33	{'2'}	1
1	53949830	53949889	1	2	0	1	0	34	{'2'}	1
1	54839916	54839982	1	1	1	0	0	35	{'1'}	1
1	63786014	63786074	1	3	0	0	1	36	{'3'}	1
1	65468625	65468681	1	1	1	0	0	37	{'1'}	1
1	87598319	87598373	1	3	0	0	1	38	{'3'}	1
1	110610452	110610543	1	3	0	0	1	39	{'3'}	1
1	113499259	113499336	1	1	1	0	0	40	{'1'}	1
1	115880256	115880277	1	1	1	0	0	41	{'1'}	1
1	119532785	119532851	1	3	0	0	1	42	{'3'}	1
1	119533028	119533029	1	3	0	0	1	43	{'3'}	1
1	119535683	119535766	1	3	0	0	1	44	{'3'}	1
1	151693989	151694085	1	2	0	1	0	45	{'2'}	1
1	155161161	155161227	1	1	1	0	0	46	{'1'}	1
1	163039202	163039252	1	1	1	0	0	47	{'1'}	1
1	167682922	167683023	1	2	0	1	0	48	{'2'}	1
1	182838423	182838508	1	2	0	1	0	49	{'2'}	1
1	200843126	200843201	1	3	0	0	1	50	{'3'}	1
1	202130693	202130766	1	2	0	1	0	51	{'2'}	1
1	203045589	203045706	1	3	0	0	1	52	{'3'}	1
1	210426228	210426302	1	2	0	1	0	53	{'2'}	1
1	212688208	212688279	1	2	0	1	0	54	{'2'}	1
1	217313077	217313125	1	2	0	1	0	55	{'2'}	1
1	221053550	221053635	1	1	1	0	0	56	{'1'}	1
1	225865185	225865249	1	3	0	0	1	57	{'3'}	1
1	233835323	233835374	1	1	1	0	0	58	{'1'}	1
1	247681626	247681692	1	2	0	1	0	59	{'2'}	1
10	451779	451835	1	1	1	0	0	60	{'1'}	1
10	1249296	1249368	1	2	0	1	0	61	{'2'}	1
10	3397862	3397965	1	1	1	0	0	62	{'1'}	1
10	12418398	12418442	1	1	1	0	0	63	{'1'}	1
10	21789249	21789385	1	3	0	0	1	64	{'3'}	1
10	22542260	22542583	1	3	0	0	1	65	{'3'}	1
10	22766053	22766064	1	3	0	0	1	66	{'3'}	1
10	22766172	22766210	1	3	0	0	1	67	{'3'}	1
10	29414278	29414373	1	1	1	0	0	68	{'1'}	1
10	43698204	43698799	1	1	1	0	0	69	{'1'}	1
10	45915095	45915108	1	2	0	1	0	70	{'2'}	1
10	50818499	50818610	1	1	1	0	0	71	{'1'}	1
10	50818839	50818857	1	1	1	0	0	72	{'1'}	1
10	63808948	63809122	1	3	0	0	1	73	{'3'}	1
10	64575633	64575664	1	1	1	0	0	74	{'1'}	1
10	72634207	72634209	1	2	0	1	0	75	{'2'}	1
10	77036244	77036318	1	2	0	1	0	76	{'2'}	1
10	88296242	88296316	1	3	0	0	1	77	{'3'}	1
10	88976014	88976072	1	2	0	1	0	78	{'2'}	1
10	90968020	90968092	1	1	1	0	0	79	{'1'}	1
10	94449961	94450120	1	1	1	0	0	80	{'1'}	1
10	94451711	94451736	1	3	0	0	1	81	{'3'}	1
10	94828135	94828197	1	1	1	0	0	82	{'1'}	1
10	99531660	99531716	1	1	1	0	0	83	{'1'}	1
10	102589445	102589546	1	2	0	1	0	84	{'2'}	1
10	105420296	105420704	1	2	0	1	0	85	{'2'}	1
10	119494744	119494769	1	3	0	0	1	86	{'3'}	1
10	122708678	122708700	1	2	0	1	0	87	{'2'}	1
10	131586679	131586733	1	1	1	0	0	88	{'1'}	1
10	134683305	134683335	1	2	0	1	0	89	{'2'}	1
10	135002928	135002961	1	2	0	1	0	90	{'2'}	1
11	394659	394671	1	3	0	0	1	91	{'3'}	1
11	499363	499426	1	1	1	0	0	92	{'1'}	1
11	569260	569340	1	2	0	1	0	93	{'2'}	1
11	725762	725829	1	2	0	1	0	94	{'2'}	1
11	1577896	1578384	1	3	0	0	1	95	{'3'}	1
11	1650042	1650072	1	2	0	1	0	96	{'2'}	1
11	1867506	1867578	1	1	1	0	0	97	{'1'}	1
11	1912305	1912359	1	2	0	1	0	98	{'2'}	1
11	1967967	1968013	1	2	0	1	0	99	{'2'}	1
11	2187651	2187725	1	2	0	1	0	100	{'2'}	1
11	2548192	2548263	1	2	0	1	0	101	{'2'}	1
11	2828830	2828883	1	3	0	0	1	102	{'3'}	1
11	2828960	2828961	1	3	0	0	1	103	{'3'}	1
11	2858637	2858743	1	2	0	1	0	104	{'2'}	1
11	8751828	8751987	1	1	1	0	0	105	{'1'}	1
11	9780821	9780890	1	2	0	1	0	106	{'2'}	1
11	15672761	15672817	1	2	0	1	0	107	{'2'}	1
11	46939367	46939425	1	1	1	0	0	108	{'1'}	1
11	47416420	47416423	1	2	0	1	0	109	{'2'}	1
11	47416473	47416590	1	2	0	1	0	110	{'2'}	1
11	59494695	59494745	1	1	1	0	0	111	{'1'}	1
11	61277219	61277328	1	2	0	1	0	112	{'2'}	1
11	63765506	63765604	1	1	1	0	0	113	{'1'}	1
11	64108053	64108102	1	2	0	1	0	114	{'2'}	1
11	64108182	64108241	1	2	0	1	0	115	{'2'}	1
11	65314489	65314540	1	2	0	1	0	116	{'2'}	1
11	65408352	65408445	1	2	0	1	0	117	{'2'}	1
11	65560636	65560772	1	3	0	0	1	118	{'3'}	1
11	66083986	66084085	1	3	0	0	1	119	{'3'}	1
11	68145371	68145416	1	1	1	0	0	120	{'1'}	1
11	68722917	68722977	1	1	1	0	0	121	{'1'}	1
11	69283832	69283852	1	1	1	0	0	122	{'1'}	1
11	70477078	70477139	1	1	1	0	0	123	{'1'}	1
11	72532794	72532876	1	3	0	0	1	124	{'3'}	1
11	73054280	73054326	1	3	0	0	1	125	{'3'}	1
11	75295214	75295230	1	2	0	1	0	126	{'2'}	1
11	117694398	117694469	1	3	0	0	1	127	{'3'}	1
11	117789372	117789418	1	1	1	0	0	128	{'1'}	1
11	119206637	119206697	1	1	1	0	0	129	{'1'}	1
11	120755078	120755131	1	1	1	0	0	130	{'1'}	1
11	123229261	123229313	1	1	1	0	0	131	{'1'}	1
11	125036671	125036720	1	2	0	1	0	132	{'2'}	1
11	128321682	128321822	1	3	0	0	1	133	{'3'}	1
11	134211802	134211873	1	1	1	0	0	134	{'1'}	1
12	655987	656044	1	2	0	1	0	135	{'2'}	1
12	679900	679911	1	3	0	0	1	136	{'3'}	1
12	12225207	12225215	1	2	0	1	0	137	{'2'}	1
12	49391364	49391428	1	2	0	1	0	138	{'2'}	1
12	49735770	49735823	1	3	0	0	1	139	{'3'}	1
12	54428328	54428619	1	3	0	0	1	140	{'3'}	1
12	54441218	54441250	1	1	1	0	0	141	{'1'}	1
12	66135204	66135252	1	1	1	0	0	142	{'1'}	1
12	93967624	93967678	1	2	0	1	0	143	{'2'}	1
12	122235207	122235280	1	3	0	0	1	144	{'3'}	1
12	122356531	122356598	1	2	0	1	0	145	{'2'}	1
12	130648250	130648370	1	3	0	0	1	146	{'3'}	1
12	130648605	130648789	1	3	0	0	1	147	{'3'}	1
12	133085815	133085951	1	1	1	0	0	148	{'1'}	1
12	133086077	133086133	1	1	1	0	0	149	{'1'}	1
12	133086376	133086460	1	1	1	0	0	150	{'1'}	1
12	133443027	133443028	1	2	0	1	0	151	{'2'}	1
13	20875890	20876090	1	3	0	0	1	152	{'3'}	1
13	50707635	50707745	1	3	0	0	1	153	{'3'}	1
13	79170159	79170348	1	3	0	0	1	154	{'3'}	1
13	100649689	100649778	1	3	0	0	1	155	{'3'}	1
13	114876025	114876096	1	2	0	1	0	156	{'2'}	1
13	114876201	114876273	1	2	0	1	0	157	{'2'}	1
14	24804290	24804352	1	2	0	1	0	158	{'2'}	1
14	38724796	38724859	1	1	1	0	0	159	{'1'}	1
14	57275908	57276066	1	3	0	0	1	160	{'3'}	1
14	58332529	58332620	1	1	1	0	0	161	{'1'}	1
14	92980216	92980284	1	1	1	0	0	162	{'1'}	1
14	93153279	93153404	1	3	0	0	1	163	{'3'}	1
14	93153457	93153554	1	3	0	0	1	164	{'3'}	1
14	93153682	93153752	1	3	0	0	1	165	{'3'}	1
14	94254092	94254149	1	3	0	0	1	166	{'3'}	1
14	100437422	100437481	1	2	0	1	0	167	{'2'}	1
14	101175376	101175447	1	3	0	0	1	168	{'3'}	1
14	103576475	103576509	1	3	0	0	1	169	{'3'}	1
14	105616991	105617048	1	1	1	0	0	170	{'1'}	1
14	105932953	105933005	1	1	1	0	0	171	{'1'}	1
15	22692885	22692923	1	3	0	0	1	172	{'3'}	1
15	45328142	45328209	1	3	0	0	1	173	{'3'}	1
15	45392334	45392390	1	1	1	0	0	174	{'1'}	1
15	68122179	68122248	1	3	0	0	1	175	{'3'}	1
15	72094706	72094768	1	1	1	0	0	176	{'1'}	1
15	74425846	74425900	1	3	0	0	1	177	{'3'}	1
15	76627492	76627542	1	2	0	1	0	178	{'2'}	1
15	89182677	89182811	1	3	0	0	1	179	{'3'}	1
15	89922193	89922473	1	3	0	0	1	180	{'3'}	1
15	96904723	96904768	1	2	0	1	0	181	{'2'}	1
15	101421057	101421125	1	2	0	1	0	182	{'2'}	1
16	326469	326499	1	1	1	0	0	183	{'1'}	1
16	596888	597030	1	3	0	0	1	184	{'3'}	1
16	617638	617775	1	1	1	0	0	185	{'1'}	1
16	771790	772036	1	1	1	0	0	186	{'1'}	1
16	832850	832992	1	3	0	0	1	187	{'3'}	1
16	845767	845835	1	3	0	0	1	188	{'3'}	1
16	1292827	1292878	1	1	1	0	0	189	{'1'}	1
16	1586266	1586297	1	1	1	0	0	190	{'1'}	1
16	1845062	1845113	1	1	1	0	0	191	{'1'}	1
16	2086051	2086107	1	3	0	0	1	192	{'3'}	1
16	2278587	2278659	1	1	1	0	0	193	{'1'}	1
16	2287970	2287977	1	1	1	0	0	194	{'1'}	1
16	3002911	3002983	1	3	0	0	1	195	{'3'}	1
16	4714033	4714106	1	3	0	0	1	196	{'3'}	1
16	4730837	4730895	1	1	1	0	0	197	{'1'}	1
16	25703324	25703419	1	1	1	0	0	198	{'1'}	1
16	28996569	28996647	1	2	0	1	0	199	{'2'}	1
16	29706275	29706457	1	1	1	0	0	200	{'1'}	1
16	30621597	30621650	1	1	1	0	0	201	{'1'}	1
16	31488023	31488204	1	2	0	1	0	202	{'2'}	1
16	48642865	48642924	1	3	0	0	1	203	{'3'}	1
16	54325348	54325473	1	2	0	1	0	204	{'2'}	1
16	55365186	55365226	1	3	0	0	1	205	{'3'}	1
16	67429020	67429024	1	3	0	0	1	206	{'3'}	1
16	73096915	73097085	1	3	0	0	1	207	{'3'}	1
16	73097261	73097365	1	3	0	0	1	208	{'3'}	1
16	85325095	85325243	1	2	0	1	0	209	{'2'}	1
16	85610706	85610715	1	1	1	0	0	210	{'1'}	1
16	87682005	87682078	1	3	0	0	1	211	{'3'}	1
16	88700588	88700644	1	2	0	1	0	212	{'2'}	1
16	88700819	88700869	1	2	0	1	0	213	{'2'}	1
16	88812257	88812343	1	2	0	1	0	214	{'2'}	1
16	89043089	89043141	1	2	0	1	0	215	{'2'}	1
16	89086132	89086183	1	2	0	1	0	216	{'2'}	1
16	89911997	89912071	1	2	0	1	0	217	{'2'}	1
17	422936	423004	1	1	1	0	0	218	{'1'}	1
17	1837613	1837696	1	1	1	0	0	219	{'1'}	1
17	1960746	1960796	1	1	1	0	0	220	{'1'}	1
17	2838948	2839090	1	3	0	0	1	221	{'3'}	1
17	4804306	4804367	1	2	0	1	0	222	{'2'}	1
17	7108568	7108637	1	1	1	0	0	223	{'1'}	1
17	7492607	7492684	1	2	0	1	0	224	{'2'}	1
17	17714287	17714294	1	2	0	1	0	225	{'2'}	1
17	21286646	21286742	1	3	0	0	1	226	{'3'}	1
17	32964522	32964581	1	3	0	0	1	227	{'3'}	1
17	32964642	32964670	1	3	0	0	1	228	{'3'}	1
17	36760861	36760938	1	2	0	1	0	229	{'2'}	1
17	37824735	37824827	1	1	1	0	0	230	{'1'}	1
17	39812267	39812304	1	3	0	0	1	231	{'3'}	1
17	42988844	42988881	1	2	0	1	0	232	{'2'}	1
17	43198521	43198750	1	3	0	0	1	233	{'3'}	1
17	44896932	44897013	4	2,2,3,3	0	2	2	234	{'3', '2'}	2
17	45924294	45924299	1	2	0	1	0	235	{'2'}	1
17	55361257	55364037	1	2	0	1	0	236	{'2'}	1
17	58691336	58691395	1	1	1	0	0	237	{'1'}	1
17	59473096	59473177	1	3	0	0	1	238	{'3'}	1
17	59482607	59482710	1	3	0	0	1	239	{'3'}	1
17	59533775	59533803	1	3	0	0	1	240	{'3'}	1
17	59533875	59533980	1	3	0	0	1	241	{'3'}	1
17	62774626	62774808	1	2	0	1	0	242	{'2'}	1
17	68165678	68165719	1	1	1	0	0	243	{'1'}	1
17	70112104	70112177	1	3	0	0	1	244	{'3'}	1
17	71898818	71898920	1	2	0	1	0	245	{'2'}	1
17	74128769	74128849	1	3	0	0	1	246	{'3'}	1
17	74128911	74128917	1	3	0	0	1	247	{'3'}	1
17	75415721	75415759	1	2	0	1	0	248	{'2'}	1
17	75421312	75421362	1	2	0	1	0	249	{'2'}	1
17	76120975	76121018	1	2	0	1	0	250	{'2'}	1
17	76354582	76354597	1	3	0	0	1	251	{'3'}	1
17	78395260	78395319	1	1	1	0	0	252	{'1'}	1
17	79949816	79949894	1	3	0	0	1	253	{'3'}	1
17	80022754	80022824	1	3	0	0	1	254	{'3'}	1
17	80290226	80290266	1	3	0	0	1	255	{'3'}	1
17	80296855	80296880	1	3	0	0	1	256	{'3'}	1
17	80297360	80297426	1	3	0	0	1	257	{'3'}	1
17	80394721	80394775	1	1	1	0	0	258	{'1'}	1
17	80402472	80402555	1	1	1	0	0	259	{'1'}	1
17	81054166	81054199	1	1	1	0	0	260	{'1'}	1
18	3499287	3499339	1	1	1	0	0	261	{'1'}	1
18	6414289	6414384	1	1	1	0	0	262	{'1'}	1
18	8784009	8784060	1	1	1	0	0	263	{'1'}	1
18	10032590	10032692	1	3	0	0	1	264	{'3'}	1
18	12911379	12911615	1	3	0	0	1	265	{'3'}	1
18	19751931	19751990	1	1	1	0	0	266	{'1'}	1
18	19756889	19756951	1	2	0	1	0	267	{'2'}	1
18	43417724	43417931	1	2	0	1	0	268	{'2'}	1
18	74962079	74962134	1	1	1	0	0	269	{'1'}	1
18	76412927	76413132	1	1	1	0	0	270	{'1'}	1
18	76413632	76413702	1	1	1	0	0	271	{'1'}	1
18	76693832	76693882	1	2	0	1	0	272	{'2'}	1
18	76738637	76738681	1	1	1	0	0	273	{'1'}	1
18	77293817	77293913	1	1	1	0	0	274	{'1'}	1
18	77563775	77563883	1	1	1	0	0	275	{'1'}	1
19	524275	524285	1	3	0	0	1	276	{'3'}	1
19	681347	681421	1	2	0	1	0	277	{'2'}	1
19	782441	782538	1	3	0	0	1	278	{'3'}	1
19	852254	852341	1	2	0	1	0	279	{'2'}	1
19	933061	933186	1	2	0	1	0	280	{'2'}	1
19	1082439	1082647	1	3	0	0	1	281	{'3'}	1
19	1242425	1242586	1	3	0	0	1	282	{'3'}	1
19	1271585	1271605	1	1	1	0	0	283	{'1'}	1
19	2253394	2253414	1	1	1	0	0	284	{'1'}	1
19	2253809	2253940	1	2	0	1	0	285	{'2'}	1
19	2289324	2289325	1	2	0	1	0	286	{'2'}	1
19	2512980	2513040	1	3	0	0	1	287	{'3'}	1
19	2525113	2525216	1	3	0	0	1	288	{'3'}	1
19	2556337	2556377	1	2	0	1	0	289	{'2'}	1
19	3662069	3662137	1	1	1	0	0	290	{'1'}	1
19	3683865	3683947	1	2	0	1	0	291	{'2'}	1
19	4068390	4068481	1	2	0	1	0	292	{'2'}	1
19	4878477	4878607	1	2	0	1	0	293	{'2'}	1
19	5041571	5041599	1	1	1	0	0	294	{'1'}	1
19	5041700	5041967	1	1	1	0	0	295	{'1'}	1
19	5908974	5909035	1	1	1	0	0	296	{'1'}	1
19	7928017	7928066	1	2	0	1	0	297	{'2'}	1
19	12348208	12348275	1	1	1	0	0	298	{'1'}	1
19	12876925	12877041	1	2	0	1	0	299	{'2'}	1
19	13122895	13123033	1	3	0	0	1	300	{'3'}	1
19	13207409	13207472	1	2	0	1	0	301	{'2'}	1
19	14584772	14584815	1	2	0	1	0	302	{'2'}	1
19	14664521	14664547	1	1	1	0	0	303	{'1'}	1
19	15574798	15574865	1	2	0	1	0	304	{'2'}	1
19	16370812	16370837	1	2	0	1	0	305	{'2'}	1
19	17346474	17346527	1	2	0	1	0	306	{'2'}	1
19	17403392	17403494	1	2	0	1	0	307	{'2'}	1
19	17439057	17439225	1	2	0	1	0	308	{'2'}	1
19	17439546	17439597	1	2	0	1	0	309	{'2'}	1
19	17918841	17918846	1	2	0	1	0	310	{'2'}	1
19	18540119	18540200	1	2	0	1	0	311	{'2'}	1
19	18898261	18898336	1	2	0	1	0	312	{'2'}	1
19	18980730	18980937	1	3	0	0	1	313	{'3'}	1
19	30562333	30562361	1	3	0	0	1	314	{'3'}	1
19	38886778	38886780	1	2	0	1	0	315	{'2'}	1
19	40698471	40698551	1	1	1	0	0	316	{'1'}	1
19	40827987	40828069	1	1	1	0	0	317	{'1'}	1
19	41025455	41025491	1	1	1	0	0	318	{'1'}	1
19	45665314	45665424	1	3	0	0	1	319	{'3'}	1
19	46270767	46270770	1	3	0	0	1	320	{'3'}	1
19	46997647	46997706	1	3	0	0	1	321	{'3'}	1
19	46997775	46997796	1	3	0	0	1	322	{'3'}	1
19	47152996	47153095	1	3	0	0	1	323	{'3'}	1
19	47260034	47260132	1	3	0	0	1	324	{'3'}	1
19	47507355	47507437	1	2	0	1	0	325	{'2'}	1
19	47910163	47910233	1	2	0	1	0	326	{'2'}	1
19	47910724	47910806	1	2	0	1	0	327	{'2'}	1
2	10638079	10638159	1	3	0	0	1	328	{'3'}	1
2	11622006	11622143	1	3	0	0	1	329	{'3'}	1
2	11622207	11622342	1	3	0	0	1	330	{'3'}	1
2	11622403	11622556	1	3	0	0	1	331	{'3'}	1
2	27529523	27529584	1	1	1	0	0	332	{'1'}	1
2	45171351	45171531	1	3	0	0	1	333	{'3'}	1
2	45227960	45228019	1	2	0	1	0	334	{'2'}	1
2	45397503	45397578	1	2	0	1	0	335	{'2'}	1
2	63280051	63280221	1	3	0	0	1	336	{'3'}	1
2	63282878	63282886	1	3	0	0	1	337	{'3'}	1
2	66672564	66672688	1	2	0	1	0	338	{'2'}	1
2	71132003	71132108	1	3	0	0	1	339	{'3'}	1
2	71134595	71134630	1	2	0	1	0	340	{'2'}	1
2	71134727	71134778	1	2	0	1	0	341	{'2'}	1
2	72371271	72371347	1	2	0	1	0	342	{'2'}	1
2	73148180	73148230	1	2	0	1	0	343	{'2'}	1
2	85980524	85980580	1	2	0	1	0	344	{'2'}	1
2	99553454	99553566	1	2	0	1	0	345	{'2'}	1
2	110069359	110069460	1	1	1	0	0	346	{'1'}	1
2	111877145	111877146	1	2	0	1	0	347	{'2'}	1
2	113993314	113993485	1	2	0	1	0	348	{'2'}	1
2	127812648	127812699	1	1	1	0	0	349	{'1'}	1
2	128410734	128410804	1	1	1	0	0	350	{'1'}	1
2	150037182	150037279	1	1	1	0	0	351	{'1'}	1
2	157184474	157184614	1	3	0	0	1	352	{'3'}	1
2	157185962	157186342	1	3	0	0	1	353	{'3'}	1
2	162101525	162101628	1	2	0	1	0	354	{'2'}	1
2	162284489	162284555	1	3	0	0	1	355	{'3'}	1
2	170624791	170624845	1	2	0	1	0	356	{'2'}	1
2	176947005	176947089	1	3	0	0	1	357	{'3'}	1
2	176974061	176974098	1	2	0	1	0	358	{'2'}	1
2	176981233	176981366	1	3	0	0	1	359	{'3'}	1
2	176994365	176994426	1	1	1	0	0	360	{'1'}	1
2	177036509	177036564	1	2	0	1	0	361	{'2'}	1
2	182545509	182545563	1	2	0	1	0	362	{'2'}	1
2	196276249	196276307	1	1	1	0	0	363	{'1'}	1
2	208631693	208631754	1	2	0	1	0	364	{'2'}	1
2	218898604	218898716	1	3	0	0	1	365	{'3'}	1
2	219725418	219725422	1	1	1	0	0	366	{'1'}	1
2	219825061	219825140	1	1	1	0	0	367	{'1'}	1
20	1874443	1874527	1	2	0	1	0	368	{'2'}	1
20	4229787	4229957	1	1	1	0	0	369	{'1'}	1
20	4230041	4230170	1	1	1	0	0	370	{'1'}	1
20	4230235	4230280	1	1	1	0	0	371	{'1'}	1
20	6749275	6749374	1	1	1	0	0	372	{'1'}	1
20	21081541	21081577	1	2	0	1	0	373	{'2'}	1
20	21372124	21372201	1	3	0	0	1	374	{'3'}	1
20	21372253	21372357	1	3	0	0	1	375	{'3'}	1
20	22564183	22564240	1	1	1	0	0	376	{'1'}	1
20	31059091	31059167	1	1	1	0	0	377	{'1'}	1
20	36543409	36543500	1	2	0	1	0	378	{'2'}	1
20	48671675	48671717	1	3	0	0	1	379	{'3'}	1
20	55201825	55201929	1	2	0	1	0	380	{'2'}	1
20	55965437	55965524	1	2	0	1	0	381	{'2'}	1
20	57042225	57042305	1	3	0	0	1	382	{'3'}	1
20	57042368	57042534	1	3	0	0	1	383	{'3'}	1
20	57224702	57224798	1	2	0	1	0	384	{'2'}	1
20	60872164	60872256	1	1	1	0	0	385	{'1'}	1
20	61401678	61401747	1	1	1	0	0	386	{'1'}	1
20	62198873	62198941	1	2	0	1	0	387	{'2'}	1
20	62369151	62369541	1	2	0	1	0	388	{'2'}	1
20	62369601	62369762	1	2	0	1	0	389	{'2'}	1
20	62509247	62509331	1	3	0	0	1	390	{'3'}	1
20	62577720	62577774	1	1	1	0	0	391	{'1'}	1
21	44867420	44867436	1	2	0	1	0	392	{'2'}	1
21	45323436	45323466	1	1	1	0	0	393	{'1'}	1
21	46183889	46183923	1	1	1	0	0	394	{'1'}	1
21	46835947	46835966	1	2	0	1	0	395	{'2'}	1
21	46847670	46847773	1	3	0	0	1	396	{'3'}	1
21	46847899	46847972	1	3	0	0	1	397	{'3'}	1
21	47062630	47062727	1	1	1	0	0	398	{'1'}	1
21	47319980	47319981	1	1	1	0	0	399	{'1'}	1
21	47517719	47517792	1	1	1	0	0	400	{'1'}	1
22	19746123	19746230	1	2	0	1	0	401	{'2'}	1
22	19746991	19747055	1	1	1	0	0	402	{'1'}	1
22	20784985	20785120	1	2	0	1	0	403	{'2'}	1
22	21386914	21386919	1	1	1	0	0	404	{'1'}	1
22	24823951	24824029	1	2	0	1	0	405	{'2'}	1
22	29469808	29469809	1	1	1	0	0	406	{'1'}	1
22	29469861	29469913	1	1	1	0	0	407	{'1'}	1
22	30659612	30659620	1	2	0	1	0	408	{'2'}	1
22	38618640	38618678	1	2	0	1	0	409	{'2'}	1
22	39652487	39652593	1	1	1	0	0	410	{'1'}	1
22	41048402	41048581	1	3	0	0	1	411	{'3'}	1
22	44851753	44851774	1	1	1	0	0	412	{'1'}	1
22	46469892	46469912	1	3	0	0	1	413	{'3'}	1
22	46474731	46474792	1	3	0	0	1	414	{'3'}	1
22	46475991	46476049	1	3	0	0	1	415	{'3'}	1
22	46476113	46476184	1	3	0	0	1	416	{'3'}	1
22	46476330	46476434	1	3	0	0	1	417	{'3'}	1
22	46476534	46476574	1	3	0	0	1	418	{'3'}	1
22	50356532	50356686	1	3	0	0	1	419	{'3'}	1
22	50720355	50720468	1	3	0	0	1	420	{'3'}	1
22	50738527	50738616	1	2	0	1	0	421	{'2'}	1
22	50987311	50987423	1	2	0	1	0	422	{'2'}	1
22	51042310	51042375	1	3	0	0	1	423	{'3'}	1
22	51042435	51042480	1	3	0	0	1	424	{'3'}	1
22	51135706	51135761	1	3	0	0	1	425	{'3'}	1
22	51136347	51136395	1	3	0	0	1	426	{'3'}	1
3	14589808	14589869	1	2	0	1	0	427	{'2'}	1
3	14852757	14852829	1	2	0	1	0	428	{'2'}	1
3	47051013	47051073	1	2	0	1	0	429	{'2'}	1
3	62363014	62363100	1	3	0	0	1	430	{'3'}	1
3	126253897	126253999	1	1	1	0	0	431	{'1'}	1
3	127634527	127634567	1	2	0	1	0	432	{'2'}	1
3	127795145	127795231	1	1	1	0	0	433	{'1'}	1
3	127795235	127795247	1	1	1	0	0	434	{'1'}	1
3	129693359	129693438	1	3	0	0	1	435	{'3'}	1
3	142682483	142682603	1	1	1	0	0	436	{'1'}	1
3	160167960	160168088	1	3	0	0	1	437	{'3'}	1
3	170626155	170626256	1	1	1	0	0	438	{'1'}	1
3	176532209	176532210	1	2	0	1	0	439	{'2'}	1
3	181431053	181431107	1	2	0	1	0	440	{'2'}	1
3	185543597	185543661	1	1	1	0	0	441	{'1'}	1
3	193894498	193894591	1	2	0	1	0	442	{'2'}	1
4	987628	987648	1	1	1	0	0	443	{'1'}	1
4	1239900	1239937	1	1	1	0	0	444	{'1'}	1
4	1310760	1310831	1	1	1	0	0	445	{'1'}	1
4	1779976	1779995	1	3	0	0	1	446	{'3'}	1
4	1780053	1780079	1	3	0	0	1	447	{'3'}	1
4	2434766	2434818	1	1	1	0	0	448	{'1'}	1
4	3486154	3486283	1	3	0	0	1	449	{'3'}	1
4	4859808	4859881	1	3	0	0	1	450	{'3'}	1
4	4862432	4863149	1	2	0	1	0	451	{'2'}	1
4	6955967	6955983	1	3	0	0	1	452	{'3'}	1
4	8285379	8285429	1	1	1	0	0	453	{'1'}	1
4	11430395	11430485	1	1	1	0	0	454	{'1'}	1
4	36376666	36376755	1	1	1	0	0	455	{'1'}	1
4	41875446	41875547	1	3	0	0	1	456	{'3'}	1
4	41880319	41880486	1	3	0	0	1	457	{'3'}	1
4	47839433	47839474	1	1	1	0	0	458	{'1'}	1
4	56659865	56659956	1	3	0	0	1	459	{'3'}	1
4	85418219	85418289	1	3	0	0	1	460	{'3'}	1
4	102711991	102712052	1	2	0	1	0	461	{'2'}	1
4	153896089	153896160	1	1	1	0	0	462	{'1'}	1
4	154401435	154401486	1	1	1	0	0	463	{'1'}	1
4	174428071	174428105	1	2	0	1	0	464	{'2'}	1
5	1162096	1162153	1	3	0	0	1	465	{'3'}	1
5	1876878	1876923	1	2	0	1	0	466	{'2'}	1
5	1877046	1877138	1	2	0	1	0	467	{'2'}	1
5	1887936	1887998	1	2	0	1	0	468	{'2'}	1
5	10333246	10333318	1	2	0	1	0	469	{'2'}	1
5	54519395	54519434	1	3	0	0	1	470	{'3'}	1
5	72415924	72416083	1	2	0	1	0	471	{'2'}	1
5	72594148	72594203	1	3	0	0	1	472	{'3'}	1
5	92906301	92906600	1	3	0	0	1	473	{'3'}	1
5	122422291	122422336	1	3	0	0	1	474	{'3'}	1
5	122431244	122431328	1	2	0	1	0	475	{'2'}	1
5	132158828	132158887	1	2	0	1	0	476	{'2'}	1
5	132161191	132161363	1	3	0	0	1	477	{'3'}	1
5	134364343	134364382	1	3	0	0	1	478	{'3'}	1
5	139051171	139051221	1	2	0	1	0	479	{'2'}	1
5	140346471	140346522	1	1	1	0	0	480	{'1'}	1
5	140811001	140811151	1	3	0	0	1	481	{'3'}	1
5	158523466	158523516	1	2	0	1	0	482	{'2'}	1
5	158526215	158526282	1	1	1	0	0	483	{'1'}	1
5	158527483	158527560	1	1	1	0	0	484	{'1'}	1
5	171023538	171023573	1	3	0	0	1	485	{'3'}	1
5	172111353	172111437	1	3	0	0	1	486	{'3'}	1
5	174159040	174159058	1	3	0	0	1	487	{'3'}	1
5	174159120	174159205	1	3	0	0	1	488	{'3'}	1
5	174159260	174159295	1	3	0	0	1	489	{'3'}	1
5	178421744	178421801	1	1	1	0	0	490	{'1'}	1
5	178647508	178651317	1	2	0	1	0	491	{'2'}	1
5	178724259	178724967	1	2	0	1	0	492	{'2'}	1
5	178734338	178734339	1	2	0	1	0	493	{'2'}	1
5	178957252	178957290	1	3	0	0	1	494	{'3'}	1
6	1393251	1393305	1	3	0	0	1	495	{'3'}	1
6	1620741	1620796	1	3	0	0	1	496	{'3'}	1
6	3024492	3024535	1	2	0	1	0	497	{'2'}	1
6	3053739	3053835	1	2	0	1	0	498	{'2'}	1
6	10381989	10382171	1	3	0	0	1	499	{'3'}	1
6	10382224	10382286	1	3	0	0	1	500	{'3'}	1
6	10390446	10390544	1	3	0	0	1	501	{'3'}	1
6	10421460	10421550	1	2	0	1	0	502	{'2'}	1
6	27228230	27228291	1	3	0	0	1	503	{'3'}	1
6	29911029	29911318	1	2	0	1	0	504	{'2'}	1
6	32116754	32117078	1	2	0	1	0	505	{'2'}	1
6	33048541	33048644	1	2	0	1	0	506	{'2'}	1
6	33739423	33739522	1	2	0	1	0	507	{'2'}	1
6	35285990	35286049	1	3	0	0	1	508	{'3'}	1
6	36355899	36356057	1	2	0	1	0	509	{'2'}	1
6	84563340	84563390	1	1	1	0	0	510	{'1'}	1
6	99279833	99279930	1	1	1	0	0	511	{'1'}	1
6	100909254	100909319	1	1	1	0	0	512	{'1'}	1
6	101850882	101850938	1	2	0	1	0	513	{'2'}	1
6	105585050	105585104	1	1	1	0	0	514	{'1'}	1
6	107955418	107955521	1	3	0	0	1	515	{'3'}	1
6	108440862	108440940	1	3	0	0	1	516	{'3'}	1
6	118228751	118228815	1	1	1	0	0	517	{'1'}	1
6	118229406	118229559	1	1	1	0	0	518	{'1'}	1
6	159877125	159877145	1	1	1	0	0	519	{'1'}	1
6	160769921	160769978	1	1	1	0	0	520	{'1'}	1
6	161188265	161188347	1	1	1	0	0	521	{'1'}	1
6	166901788	166901846	1	2	0	1	0	522	{'2'}	1
6	168105202	168105244	1	1	1	0	0	523	{'1'}	1
6	168797281	168797349	1	1	1	0	0	524	{'1'}	1
7	1263612	1263618	1	3	0	0	1	525	{'3'}	1
7	2114485	2114652	1	3	0	0	1	526	{'3'}	1
7	2263106	2263159	1	1	1	0	0	527	{'1'}	1
7	2492063	2492116	1	2	0	1	0	528	{'2'}	1
7	2774575	2774626	1	3	0	0	1	529	{'3'}	1
7	2902593	2902594	1	2	0	1	0	530	{'2'}	1
7	4257170	4257203	1	2	0	1	0	531	{'2'}	1
7	4304937	4305048	1	3	0	0	1	532	{'3'}	1
7	6210348	6210406	1	1	1	0	0	533	{'1'}	1
7	25898623	25898648	1	2	0	1	0	534	{'2'}	1
7	26193138	26193166	1	2	0	1	0	535	{'2'}	1
7	27127636	27127804	1	3	0	0	1	536	{'3'}	1
7	27136068	27136138	1	1	1	0	0	537	{'1'}	1
7	27252738	27252951	1	3	0	0	1	538	{'3'}	1
7	47367766	47367816	1	3	0	0	1	539	{'3'}	1
7	50343512	50343555	1	1	1	0	0	540	{'1'}	1
7	50343631	50343791	1	1	1	0	0	541	{'1'}	1
7	50343898	50343980	1	1	1	0	0	542	{'1'}	1
7	70597378	70597434	1	1	1	0	0	543	{'1'}	1
7	71801620	71801709	1	1	1	0	0	544	{'1'}	1
7	71801808	71801911	1	1	1	0	0	545	{'1'}	1
7	100091226	100091304	1	1	1	0	0	546	{'1'}	1
7	100091402	100091623	1	1	1	0	0	547	{'1'}	1
7	100876073	100876122	1	3	0	0	1	548	{'3'}	1
7	127991669	127991768	1	3	0	0	1	549	{'3'}	1
7	149472096	149472172	1	1	1	0	0	550	{'1'}	1
7	150778435	150778527	1	3	0	0	1	551	{'3'}	1
7	155556653	155556749	1	3	0	0	1	552	{'3'}	1
7	157455143	157455212	1	2	0	1	0	553	{'2'}	1
7	157486102	157486136	1	1	1	0	0	554	{'1'}	1
8	4390302	4390470	1	1	1	0	0	555	{'1'}	1
8	8749580	8749581	1	3	0	0	1	556	{'3'}	1
8	11407889	11407964	1	1	1	0	0	557	{'1'}	1
8	22548251	22548404	1	3	0	0	1	558	{'3'}	1
8	22548546	22548617	1	3	0	0	1	559	{'3'}	1
8	26722436	26722543	1	3	0	0	1	560	{'3'}	1
8	37823132	37823185	1	1	1	0	0	561	{'1'}	1
8	41754482	41754834	1	1	1	0	0	562	{'1'}	1
8	57358722	57358736	1	1	1	0	0	563	{'1'}	1
8	67454947	67454971	1	2	0	1	0	564	{'2'}	1
8	70982068	70982155	1	3	0	0	1	565	{'3'}	1
8	82192753	82192809	1	1	1	0	0	566	{'1'}	1
8	99986048	99986148	1	3	0	0	1	567	{'3'}	1
8	99986200	99986201	1	3	0	0	1	568	{'3'}	1
8	101118265	101118290	1	1	1	0	0	569	{'1'}	1
8	142339579	142339679	1	2	0	1	0	570	{'2'}	1
8	142528589	142528639	1	1	1	0	0	571	{'1'}	1
8	144642991	144643088	1	1	1	0	0	572	{'1'}	1
8	144676058	144676119	1	1	1	0	0	573	{'1'}	1
8	145024775	145024783	1	3	0	0	1	574	{'3'}	1
8	145106619	145106722	1	2	0	1	0	575	{'2'}	1
8	145901031	145901237	1	3	0	0	1	576	{'3'}	1
9	1051579	1051599	1	2	0	1	0	577	{'2'}	1
9	34590468	34590690	1	2	0	1	0	578	{'2'}	1
9	45740812	45740841	1	1	1	0	0	579	{'1'}	1
9	101471666	101471726	1	1	1	0	0	580	{'1'}	1
9	102587951	102588030	1	3	0	0	1	581	{'3'}	1
9	127044208	127044255	1	2	0	1	0	582	{'2'}	1
9	129385888	129385924	1	2	0	1	0	583	{'2'}	1
9	130865517	130865589	1	2	0	1	0	584	{'2'}	1
9	135285874	135285927	1	1	1	0	0	585	{'1'}	1
9	136359193	136359278	1	1	1	0	0	586	{'1'}	1
9	137186206	137186264	1	2	0	1	0	587	{'2'}	1
9	137280972	137281028	1	1	1	0	0	588	{'1'}	1
9	137484492	137484574	1	3	0	0	1	589	{'3'}	1
9	138383218	138383281	1	1	1	0	0	590	{'1'}	1
9	139121197	139121214	1	1	1	0	0	591	{'1'}	1
9	139121753	139121757	1	1	1	0	0	592	{'1'}	1
9	139249460	139249569	1	3	0	0	1	593	{'3'}	1
9	139541532	139541541	1	2	0	1	0	594	{'2'}	1
9	139753220	139753269	1	1	1	0	0	595	{'1'}	1
9	139863861	139863919	1	1	1	0	0	596	{'1'}	1
9	140123153	140123279	1	3	0	0	1	597	{'3'}	1
9	140330725	140330869	1	3	0	0	1	598	{'3'}	1
