chr	start	stop	num	list	CSCC	ESCC	LUSC	healthy	clusterID	distinct	num_distinct
1	969173	969768	1	4	0	0	0	1	0	{'4'}	1
1	1081264	1081803	1	3	0	0	1	0	1	{'3'}	1
1	1098475	1098901	1	4	0	0	0	1	2	{'4'}	1
1	1099129	1100127	1	4	0	0	0	1	3	{'4'}	1
1	1100215	1100240	1	4	0	0	0	1	4	{'4'}	1
1	1280391	1280457	1	2	0	1	0	0	5	{'2'}	1
1	1567396	1567455	1	1	1	0	0	0	6	{'1'}	1
1	2260611	2260672	1	3	0	0	1	0	7	{'3'}	1
1	2346980	2347034	1	3	0	0	1	0	8	{'3'}	1
1	2365677	2365679	1	3	0	0	1	0	9	{'3'}	1
1	2706496	2706627	1	2	0	1	0	0	10	{'2'}	1
1	2979645	2979827	1	4	0	0	0	1	11	{'4'}	1
1	3339867	3339966	1	1	1	0	0	0	12	{'1'}	1
1	6294677	6294820	1	1	1	0	0	0	13	{'1'}	1
1	6309890	6309973	1	1	1	0	0	0	14	{'1'}	1
1	7311155	7311248	1	1	1	0	0	0	15	{'1'}	1
1	7844825	7844947	1	1	1	0	0	0	16	{'1'}	1
1	8181211	8181266	1	1	1	0	0	0	17	{'1'}	1
1	10698455	10698613	1	1	1	0	0	0	18	{'1'}	1
1	10698795	10699107	1	4	0	0	0	1	19	{'4'}	1
1	10699176	10699354	1	4	0	0	0	1	20	{'4'}	1
1	11519369	11519370	1	1	1	0	0	0	21	{'1'}	1
1	11539967	11540181	1	2	0	1	0	0	22	{'2'}	1
1	11710743	11710823	1	1	1	0	0	0	23	{'1'}	1
1	12655178	12655291	1	1	1	0	0	0	24	{'1'}	1
1	12655409	12655420	1	1	1	0	0	0	25	{'1'}	1
1	12655655	12655737	1	1	1	0	0	0	26	{'1'}	1
1	13984417	13984640	1	2	0	1	0	0	27	{'2'}	1
1	14021325	14025239	1	3	0	0	1	0	28	{'3'}	1
1	14146714	14146780	1	1	1	0	0	0	29	{'1'}	1
1	21990554	21990639	1	1	1	0	0	0	30	{'1'}	1
1	22460592	22460638	1	1	1	0	0	0	31	{'1'}	1
1	24015290	24015435	1	2	0	1	0	0	32	{'2'}	1
1	25348948	25349006	1	1	1	0	0	0	33	{'1'}	1
1	27687149	27687379	1	4	0	0	0	1	34	{'4'}	1
1	27687430	27687575	1	4	0	0	0	1	35	{'4'}	1
1	29805002	29805062	1	3	0	0	1	0	36	{'3'}	1
1	35351191	35351407	1	1	1	0	0	0	37	{'1'}	1
1	35351530	35351646	1	1	1	0	0	0	38	{'1'}	1
1	35351697	35351814	1	1	1	0	0	0	39	{'1'}	1
1	36039560	36040019	1	4	0	0	0	1	40	{'4'}	1
1	36786944	36786963	1	1	1	0	0	0	41	{'1'}	1
1	38510829	38510912	1	3	0	0	1	0	42	{'3'}	1
1	38758097	38758141	1	1	1	0	0	0	43	{'1'}	1
1	40098589	40098996	1	4	0	0	0	1	44	{'4'}	1
1	40769194	40769257	1	4	0	0	0	1	45	{'4'}	1
1	45082809	45083193	1	4	0	0	0	1	46	{'4'}	1
1	45285998	45286072	1	1	1	0	0	0	47	{'1'}	1
1	46004406	46004506	1	3	0	0	1	0	48	{'3'}	1
1	47904776	47905016	1	4	0	0	0	1	49	{'4'}	1
1	47905067	47905136	1	4	0	0	0	1	50	{'4'}	1
1	47905193	47905356	1	4	0	0	0	1	51	{'4'}	1
1	50847217	50847282	1	3	0	0	1	0	52	{'3'}	1
1	50885125	50885309	1	2	0	1	0	0	53	{'2'}	1
1	50887087	50887168	1	2	0	1	0	0	54	{'2'}	1
1	50888926	50889128	1	3	0	0	1	0	55	{'3'}	1
1	50893606	50893691	1	2	0	1	0	0	56	{'2'}	1
1	52195538	52195644	1	1	1	0	0	0	57	{'1'}	1
1	52195706	52195811	1	1	1	0	0	0	58	{'1'}	1
1	53308654	53308869	1	2	0	1	0	0	59	{'2'}	1
1	66258684	66258761	1	2	0	1	0	0	60	{'2'}	1
1	66946628	66946679	1	1	1	0	0	0	61	{'1'}	1
1	87994910	87995015	1	3	0	0	1	0	62	{'3'}	1
1	92946401	92946453	1	1	1	0	0	0	63	{'1'}	1
1	92946686	92946740	1	1	1	0	0	0	64	{'1'}	1
1	116381068	116381201	1	3	0	0	1	0	65	{'3'}	1
1	151810378	151810816	1	4	0	0	0	1	66	{'4'}	1
1	151810887	151811403	1	4	0	0	0	1	67	{'4'}	1
1	156405526	156405637	1	3	0	0	1	0	68	{'3'}	1
1	156611926	156612003	1	2	0	1	0	0	69	{'2'}	1
1	159419355	159419412	1	3	0	0	1	0	70	{'3'}	1
1	167682965	167683024	1	1	1	0	0	0	71	{'1'}	1
1	209404849	209405449	1	4	0	0	0	1	72	{'4'}	1
1	210111832	210111915	1	2	0	1	0	0	73	{'2'}	1
1	226925232	226925264	1	3	0	0	1	0	74	{'3'}	1
1	228559146	228559203	1	2	0	1	0	0	75	{'2'}	1
1	228756595	228756674	1	1	1	0	0	0	76	{'1'}	1
1	232468203	232468209	1	3	0	0	1	0	77	{'3'}	1
1	234041261	234041398	1	2	0	1	0	0	78	{'2'}	1
1	248020633	248020766	1	2	0	1	0	0	79	{'2'}	1
1	248020827	248020905	1	2	0	1	0	0	80	{'2'}	1
10	1405257	1405717	1	4	0	0	0	1	81	{'4'}	1
10	1405798	1405931	1	4	0	0	0	1	82	{'4'}	1
10	1774873	1774947	1	1	1	0	0	0	83	{'1'}	1
10	3823790	3824017	1	1	1	0	0	0	84	{'1'}	1
10	5566849	5567533	1	4	0	0	0	1	85	{'4'}	1
10	8097777	8097889	1	2	0	1	0	0	86	{'2'}	1
10	8098016	8098125	1	2	0	1	0	0	87	{'2'}	1
10	15761750	15761900	1	2	0	1	0	0	88	{'2'}	1
10	21319201	21319269	1	3	0	0	1	0	89	{'3'}	1
10	22634366	22634455	1	2	0	1	0	0	90	{'2'}	1
10	23462422	23462700	1	2	0	1	0	0	91	{'2'}	1
10	23481810	23481903	1	2	0	1	0	0	92	{'2'}	1
10	32522756	32522846	1	3	0	0	1	0	93	{'3'}	1
10	44552634	44552712	1	3	0	0	1	0	94	{'3'}	1
10	49674488	49674941	1	4	0	0	0	1	95	{'4'}	1
10	52218310	52218409	1	1	1	0	0	0	96	{'1'}	1
10	60936937	60937042	1	2	0	1	0	0	97	{'2'}	1
10	77155192	77155348	1	3	0	0	1	0	98	{'3'}	1
10	77155405	77155520	1	3	0	0	1	0	99	{'3'}	1
10	77156184	77156329	1	3	0	0	1	0	100	{'3'}	1
10	77156391	77156944	1	3	0	0	1	0	101	{'3'}	1
10	77158369	77159431	10	4,2,4,2,2,4,4,2,4,4	0	4	0	6	102	{'2', '4'}	2
10	77167292	77167347	1	1	1	0	0	0	103	{'1'}	1
10	101281703	101282144	1	4	0	0	0	1	104	{'4'}	1
10	102986579	102986687	1	3	0	0	1	0	105	{'3'}	1
10	103539782	103539899	1	3	0	0	1	0	106	{'3'}	1
10	106028709	106028778	1	2	0	1	0	0	107	{'2'}	1
10	108924422	108924780	1	2	0	1	0	0	108	{'2'}	1
10	123738193	123738247	1	3	0	0	1	0	109	{'3'}	1
10	123922909	123923410	1	4	0	0	0	1	110	{'4'}	1
10	126135832	126136256	1	4	0	0	0	1	111	{'4'}	1
10	126329428	126329468	1	1	1	0	0	0	112	{'1'}	1
10	129678144	129678194	1	3	0	0	1	0	113	{'3'}	1
10	130576617	130576685	1	3	0	0	1	0	114	{'3'}	1
10	133978852	133978952	1	1	1	0	0	0	115	{'1'}	1
10	134108321	134108322	1	1	1	0	0	0	116	{'1'}	1
10	134111607	134111699	1	3	0	0	1	0	117	{'3'}	1
10	134598041	134598373	1	4	0	0	0	1	118	{'4'}	1
10	134601755	134601860	1	2	0	1	0	0	119	{'2'}	1
10	134912090	134912160	1	3	0	0	1	0	120	{'3'}	1
11	315751	316016	1	4	0	0	0	1	121	{'4'}	1
11	638988	639071	1	1	1	0	0	0	122	{'1'}	1
11	1081136	1081203	1	1	1	0	0	0	123	{'1'}	1
11	1577895	1578399	1	4	0	0	0	1	124	{'4'}	1
11	1578808	1578880	1	3	0	0	1	0	125	{'3'}	1
11	2011301	2011353	1	3	0	0	1	0	126	{'3'}	1
11	4258933	4259058	1	3	0	0	1	0	127	{'3'}	1
11	11832981	11833101	1	3	0	0	1	0	128	{'3'}	1
11	14995815	14995887	1	2	0	1	0	0	129	{'2'}	1
11	31848552	31848641	1	3	0	0	1	0	130	{'3'}	1
11	32009063	32009164	1	2	0	1	0	0	131	{'2'}	1
11	57250060	57250068	1	1	1	0	0	0	132	{'1'}	1
11	57250418	57250797	1	1	1	0	0	0	133	{'1'}	1
11	60934069	60934145	1	3	0	0	1	0	134	{'3'}	1
11	61596555	61596729	1	1	1	0	0	0	135	{'1'}	1
11	62370133	62370246	1	4	0	0	0	1	136	{'4'}	1
11	62370313	62370466	1	4	0	0	0	1	137	{'4'}	1
11	63530159	63530297	1	4	0	0	0	1	138	{'4'}	1
11	63530363	63530755	1	4	0	0	0	1	139	{'4'}	1
11	63531144	63531195	1	4	0	0	0	1	140	{'4'}	1
11	63531486	63531975	1	2	0	1	0	0	141	{'2'}	1
11	63975700	63975727	1	1	1	0	0	0	142	{'1'}	1
11	65307293	65307357	1	4	0	0	0	1	143	{'4'}	1
11	65360192	65360259	1	2	0	1	0	0	144	{'2'}	1
11	65414630	65414864	1	4	0	0	0	1	145	{'4'}	1
11	65414953	65415203	1	4	0	0	0	1	146	{'4'}	1
11	66625804	66625887	1	2	0	1	0	0	147	{'2'}	1
11	66793944	66794036	1	3	0	0	1	0	148	{'3'}	1
11	68742002	68742057	1	3	0	0	1	0	149	{'3'}	1
11	73053966	73054004	1	2	0	1	0	0	150	{'2'}	1
11	74039429	74039587	1	2	0	1	0	0	151	{'2'}	1
11	83028250	83028326	1	1	1	0	0	0	152	{'1'}	1
11	118481496	118481569	1	3	0	0	1	0	153	{'3'}	1
11	119020583	119020584	1	1	1	0	0	0	154	{'1'}	1
11	129244258	129244330	1	3	0	0	1	0	155	{'3'}	1
11	129244430	129244550	1	3	0	0	1	0	156	{'3'}	1
11	130079266	130079347	1	1	1	0	0	0	157	{'1'}	1
11	133783771	133783839	1	3	0	0	1	0	158	{'3'}	1
12	2956550	2956661	1	3	0	0	1	0	159	{'3'}	1
12	4919242	4919469	1	2	0	1	0	0	160	{'2'}	1
12	6664536	6664627	1	4	0	0	0	1	161	{'4'}	1
12	6664708	6665109	1	4	0	0	0	1	162	{'4'}	1
12	6665180	6665312	1	4	0	0	0	1	163	{'4'}	1
12	12225215	12225345	1	1	1	0	0	0	164	{'1'}	1
12	27668097	27668152	1	3	0	0	1	0	165	{'3'}	1
12	34497193	34497194	1	1	1	0	0	0	166	{'1'}	1
12	34497283	34497330	1	1	1	0	0	0	167	{'1'}	1
12	38724495	38724573	1	2	0	1	0	0	168	{'2'}	1
12	49206962	49207115	1	3	0	0	1	0	169	{'3'}	1
12	52652126	52652642	1	4	0	0	0	1	170	{'4'}	1
12	53402587	53402690	1	3	0	0	1	0	171	{'3'}	1
12	53591518	53591594	1	1	1	0	0	0	172	{'1'}	1
12	53591721	53591791	1	1	1	0	0	0	173	{'1'}	1
12	53760112	53760201	1	1	1	0	0	0	174	{'1'}	1
12	54422362	54422489	1	1	1	0	0	0	175	{'1'}	1
12	54448840	54448901	1	1	1	0	0	0	176	{'1'}	1
12	55873064	55873149	1	3	0	0	1	0	177	{'3'}	1
12	57172649	57172751	1	3	0	0	1	0	178	{'3'}	1
12	58119855	58119970	1	4	0	0	0	1	179	{'4'}	1
12	58120295	58120636	1	4	0	0	0	1	180	{'4'}	1
12	58129876	58130184	1	4	0	0	0	1	181	{'4'}	1
12	58130982	58132301	1	4	0	0	0	1	182	{'4'}	1
12	58246793	58246959	1	1	1	0	0	0	183	{'1'}	1
12	72666814	72666891	1	2	0	1	0	0	184	{'2'}	1
12	72667063	72667154	1	2	0	1	0	0	185	{'2'}	1
12	79258822	79258923	1	2	0	1	0	0	186	{'2'}	1
12	85674497	85674632	1	3	0	0	1	0	187	{'3'}	1
12	108239471	108239537	1	1	1	0	0	0	188	{'1'}	1
12	114204380	114204435	1	1	1	0	0	0	189	{'1'}	1
12	123159446	123159535	1	3	0	0	1	0	190	{'3'}	1
12	125007934	125007999	1	1	1	0	0	0	191	{'1'}	1
12	130648250	130648789	1	4	0	0	0	1	192	{'4'}	1
13	20875719	20876139	1	4	0	0	0	1	193	{'4'}	1
13	25319916	25320491	1	4	0	0	0	1	194	{'4'}	1
13	27295918	27295992	1	1	1	0	0	0	195	{'1'}	1
13	31480688	31480760	1	2	0	1	0	0	196	{'2'}	1
13	31480832	31480888	1	2	0	1	0	0	197	{'2'}	1
13	49794621	49795173	1	2	0	1	0	0	198	{'2'}	1
13	50702000	50702006	1	1	1	0	0	0	199	{'1'}	1
13	53421269	53421731	1	4	0	0	0	1	200	{'4'}	1
13	100637787	100637880	1	2	0	1	0	0	201	{'2'}	1
13	109147880	109148017	1	2	0	1	0	0	202	{'2'}	1
13	111210055	111210150	1	3	0	0	1	0	203	{'3'}	1
13	112717245	112717379	1	2	0	1	0	0	204	{'2'}	1
13	112997650	112997713	1	1	1	0	0	0	205	{'1'}	1
13	113655468	113655561	1	1	1	0	0	0	206	{'1'}	1
13	114523822	114524683	1	4	0	0	0	1	207	{'4'}	1
13	114790413	114790589	1	3	0	0	1	0	208	{'3'}	1
13	114826076	114826332	1	2	0	1	0	0	209	{'2'}	1
14	21095002	21095011	1	1	1	0	0	0	210	{'1'}	1
14	24780666	24780795	1	3	0	0	1	0	211	{'3'}	1
14	27104153	27104235	1	3	0	0	1	0	212	{'3'}	1
14	34269650	34269839	1	2	0	1	0	0	213	{'2'}	1
14	37133715	37135624	1	1	1	0	0	0	214	{'1'}	1
14	42077337	42077505	1	2	0	1	0	0	215	{'2'}	1
14	48143512	48143619	1	2	0	1	0	0	216	{'2'}	1
14	48144748	48144837	1	2	0	1	0	0	217	{'2'}	1
14	52735200	52735372	1	2	0	1	0	0	218	{'2'}	1
14	57261326	57261887	1	4	0	0	0	1	219	{'4'}	1
14	57264854	57264912	1	4	0	0	0	1	220	{'4'}	1
14	57264970	57265380	1	4	0	0	0	1	221	{'4'}	1
14	60976802	60976846	1	2	0	1	0	0	222	{'2'}	1
14	60977234	60977291	1	2	0	1	0	0	223	{'2'}	1
14	60977745	60977798	1	2	0	1	0	0	224	{'2'}	1
14	73712339	73712526	1	1	1	0	0	0	225	{'1'}	1
14	75077782	75077915	1	3	0	0	1	0	226	{'3'}	1
14	77492060	77492183	1	4	0	0	0	1	227	{'4'}	1
14	77492273	77492946	4	4,2,4,4	0	1	0	3	228	{'2', '4'}	2
14	77493091	77493248	1	4	0	0	0	1	229	{'4'}	1
14	78107665	78107678	1	1	1	0	0	0	230	{'1'}	1
14	93153279	93153554	1	4	0	0	0	1	231	{'4'}	1
14	93153631	93154045	4	4,2,4,2	0	2	0	2	232	{'2', '4'}	2
14	104011486	104011595	1	3	0	0	1	0	233	{'3'}	1
14	104638142	104638361	1	4	0	0	0	1	234	{'4'}	1
14	104638514	104638697	4	2,2,4,4	0	2	0	2	235	{'2', '4'}	2
14	105944309	105944462	1	1	1	0	0	0	236	{'1'}	1
14	105944517	105944587	1	1	1	0	0	0	237	{'1'}	1
14	105945359	105945426	1	1	1	0	0	0	238	{'1'}	1
14	105945597	105945686	1	1	1	0	0	0	239	{'1'}	1
15	26874300	26874363	1	3	0	0	1	0	240	{'3'}	1
15	27112918	27113157	1	2	0	1	0	0	241	{'2'}	1
15	27113218	27113266	1	2	0	1	0	0	242	{'2'}	1
15	37395067	37395132	1	1	1	0	0	0	243	{'1'}	1
15	40185892	40185955	1	3	0	0	1	0	244	{'3'}	1
15	40583221	40583397	1	4	0	0	0	1	245	{'4'}	1
15	40583451	40583809	1	4	0	0	0	1	246	{'4'}	1
15	53080529	53080626	1	3	0	0	1	0	247	{'3'}	1
15	63674509	63674572	1	1	1	0	0	0	248	{'1'}	1
15	72581554	72581816	1	2	0	1	0	0	249	{'2'}	1
15	73949054	73949263	1	3	0	0	1	0	250	{'3'}	1
15	74426637	74426771	1	2	0	1	0	0	251	{'2'}	1
15	75851399	75851555	1	2	0	1	0	0	252	{'2'}	1
15	76630317	76630517	1	4	0	0	0	1	253	{'4'}	1
15	78236689	78236739	1	1	1	0	0	0	254	{'1'}	1
15	79123039	79123091	1	1	1	0	0	0	255	{'1'}	1
15	89346380	89346484	1	2	0	1	0	0	256	{'2'}	1
15	89922127	89922576	1	4	0	0	0	1	257	{'4'}	1
15	90543271	90543690	1	4	0	0	0	1	258	{'4'}	1
15	98836223	98836282	1	2	0	1	0	0	259	{'2'}	1
15	101924538	101924608	1	3	0	0	1	0	260	{'3'}	1
16	375239	375307	1	1	1	0	0	0	261	{'1'}	1
16	604738	604949	1	4	0	0	0	1	262	{'4'}	1
16	605121	605309	1	4	0	0	0	1	263	{'4'}	1
16	1268271	1268419	1	3	0	0	1	0	264	{'3'}	1
16	1354786	1354787	1	3	0	0	1	0	265	{'3'}	1
16	1487041	1487148	1	2	0	1	0	0	266	{'2'}	1
16	1489394	1489647	1	3	0	0	1	0	267	{'3'}	1
16	2075382	2075437	1	3	0	0	1	0	268	{'3'}	1
16	2234751	2235026	1	2	0	1	0	0	269	{'2'}	1
16	2235118	2235191	1	2	0	1	0	0	270	{'2'}	1
16	3016954	3017196	1	4	0	0	0	1	271	{'4'}	1
16	4424567	4424604	1	2	0	1	0	0	272	{'2'}	1
16	4426233	4426311	1	2	0	1	0	0	273	{'2'}	1
16	8960470	8960536	1	3	0	0	1	0	274	{'3'}	1
16	8963583	8963643	1	1	1	0	0	0	275	{'1'}	1
16	10346156	10346224	1	1	1	0	0	0	276	{'1'}	1
16	11001753	11001822	1	3	0	0	1	0	277	{'3'}	1
16	14392890	14392957	1	3	0	0	1	0	278	{'3'}	1
16	29196043	29196104	1	1	1	0	0	0	279	{'1'}	1
16	31226064	31226071	1	1	1	0	0	0	280	{'1'}	1
16	31488817	31488913	1	1	1	0	0	0	281	{'1'}	1
16	31500068	31500133	1	3	0	0	1	0	282	{'3'}	1
16	31580221	31580317	1	2	0	1	0	0	283	{'2'}	1
16	31580665	31580762	1	2	0	1	0	0	284	{'2'}	1
16	48845049	48845160	1	2	0	1	0	0	285	{'2'}	1
16	49311795	49311969	1	2	0	1	0	0	286	{'2'}	1
16	49317170	49317255	1	2	0	1	0	0	287	{'2'}	1
16	54466450	54466521	1	1	1	0	0	0	288	{'1'}	1
16	56669263	56669607	1	4	0	0	0	1	289	{'4'}	1
16	65732329	65732396	1	3	0	0	1	0	290	{'3'}	1
16	67197981	67197998	1	1	1	0	0	0	291	{'1'}	1
16	67199648	67199717	1	1	1	0	0	0	292	{'1'}	1
16	67428271	67429024	1	4	0	0	0	1	293	{'4'}	1
16	67682192	67683172	1	4	0	0	0	1	294	{'4'}	1
16	67683401	67683563	1	4	0	0	0	1	295	{'4'}	1
16	67686624	67686675	1	4	0	0	0	1	296	{'4'}	1
16	67686771	67687763	1	4	0	0	0	1	297	{'4'}	1
16	85116336	85116389	1	1	1	0	0	0	298	{'1'}	1
16	85325183	85325239	1	1	1	0	0	0	299	{'1'}	1
16	85362306	85362401	1	1	1	0	0	0	300	{'1'}	1
16	87101534	87101682	1	3	0	0	1	0	301	{'3'}	1
16	87269750	87270138	1	1	1	0	0	0	302	{'1'}	1
16	88599736	88599893	1	4	0	0	0	1	303	{'4'}	1
16	88599946	88600415	1	4	0	0	0	1	304	{'4'}	1
17	910196	910251	1	1	1	0	0	0	305	{'1'}	1
17	1306650	1306714	1	2	0	1	0	0	306	{'2'}	1
17	1306937	1309248	1	2	0	1	0	0	307	{'2'}	1
17	2220621	2220679	1	2	0	1	0	0	308	{'2'}	1
17	2220919	2220957	1	2	0	1	0	0	309	{'2'}	1
17	3977501	3977620	1	1	1	0	0	0	310	{'1'}	1
17	6558357	6558422	1	2	0	1	0	0	311	{'2'}	1
17	8702445	8702779	1	4	0	0	0	1	312	{'4'}	1
17	8736266	8736326	1	1	1	0	0	0	313	{'1'}	1
17	9143544	9143609	1	3	0	0	1	0	314	{'3'}	1
17	28565609	28565664	1	1	1	0	0	0	315	{'1'}	1
17	35967783	35967838	1	3	0	0	1	0	316	{'3'}	1
17	36666646	36667133	1	4	0	0	0	1	317	{'4'}	1
17	40822614	40822797	1	4	0	0	0	1	318	{'4'}	1
17	43198492	43198750	1	4	0	0	0	1	319	{'4'}	1
17	43506929	43507210	1	4	0	0	0	1	320	{'4'}	1
17	45390906	45390995	1	3	0	0	1	0	321	{'3'}	1
17	45786250	45786614	1	2	0	1	0	0	322	{'2'}	1
17	46618595	46618982	1	1	1	0	0	0	323	{'1'}	1
17	46655819	46655974	1	3	0	0	1	0	324	{'3'}	1
17	48545996	48546111	1	1	1	0	0	0	325	{'1'}	1
17	48912527	48912592	1	2	0	1	0	0	326	{'2'}	1
17	59528980	59529169	1	4	0	0	0	1	327	{'4'}	1
17	59529220	59529588	1	4	0	0	0	1	328	{'4'}	1
17	60758022	60758096	1	2	0	1	0	0	329	{'2'}	1
17	62775837	62775903	1	3	0	0	1	0	330	{'3'}	1
17	72113459	72113492	1	3	0	0	1	0	331	{'3'}	1
17	73749685	73750043	1	4	0	0	0	1	332	{'4'}	1
17	74377781	74377883	1	1	1	0	0	0	333	{'1'}	1
17	76354582	76355116	1	4	0	0	0	1	334	{'4'}	1
17	76993708	76993765	1	1	1	0	0	0	335	{'1'}	1
17	77805973	77806064	1	1	1	0	0	0	336	{'1'}	1
17	78086552	78087143	1	3	0	0	1	0	337	{'3'}	1
17	79093793	79094030	1	4	0	0	0	1	338	{'4'}	1
17	79169507	79169525	1	1	1	0	0	0	339	{'1'}	1
18	8660028	8660097	1	3	0	0	1	0	340	{'3'}	1
18	11149547	11149663	1	2	0	1	0	0	341	{'2'}	1
18	14450486	14450536	1	1	1	0	0	0	342	{'1'}	1
18	19756749	19756796	1	2	0	1	0	0	343	{'2'}	1
18	19757143	19757230	1	2	0	1	0	0	344	{'2'}	1
18	19867520	19867608	1	3	0	0	1	0	345	{'3'}	1
18	28466734	28466791	1	3	0	0	1	0	346	{'3'}	1
18	44336873	44336991	1	2	0	1	0	0	347	{'2'}	1
18	63417898	63418337	1	2	0	1	0	0	348	{'2'}	1
18	67068291	67068433	1	2	0	1	0	0	349	{'2'}	1
18	70534721	70535268	1	2	0	1	0	0	350	{'2'}	1
18	70535389	70535610	1	2	0	1	0	0	351	{'2'}	1
18	70536085	70536434	1	2	0	1	0	0	352	{'2'}	1
18	73628215	73628378	1	2	0	1	0	0	353	{'2'}	1
18	73628433	73628520	1	2	0	1	0	0	354	{'2'}	1
18	74171723	74171839	1	1	1	0	0	0	355	{'1'}	1
18	74962194	74962607	1	2	0	1	0	0	356	{'2'}	1
18	74963658	74963784	1	2	0	1	0	0	357	{'2'}	1
18	77269456	77269507	1	3	0	0	1	0	358	{'3'}	1
18	77547894	77548348	1	4	0	0	0	1	359	{'4'}	1
18	77549715	77549831	1	3	0	0	1	0	360	{'3'}	1
19	523707	523807	1	3	0	0	1	0	361	{'3'}	1
19	643547	643622	1	3	0	0	1	0	362	{'3'}	1
19	720487	720547	1	1	1	0	0	0	363	{'1'}	1
19	947425	947479	1	3	0	0	1	0	364	{'3'}	1
19	1071152	1071812	1	4	0	0	0	1	365	{'4'}	1
19	1074374	1074417	1	1	1	0	0	0	366	{'1'}	1
19	1445096	1445143	1	1	1	0	0	0	367	{'1'}	1
19	2188027	2188088	1	1	1	0	0	0	368	{'1'}	1
19	2288335	2288426	1	1	1	0	0	0	369	{'1'}	1
19	2550495	2550515	1	3	0	0	1	0	370	{'3'}	1
19	3577386	3577528	1	2	0	1	0	0	371	{'2'}	1
19	3577844	3578380	1	2	0	1	0	0	372	{'2'}	1
19	3578449	3578507	1	2	0	1	0	0	373	{'2'}	1
19	4544446	4544533	1	3	0	0	1	0	374	{'3'}	1
19	5016476	5016599	1	1	1	0	0	0	375	{'1'}	1
19	5041939	5041973	1	3	0	0	1	0	376	{'3'}	1
19	5455743	5455804	1	3	0	0	1	0	377	{'3'}	1
19	6669890	6669972	1	1	1	0	0	0	378	{'1'}	1
19	10495928	10495957	1	3	0	0	1	0	379	{'3'}	1
19	10624925	10625051	1	4	0	0	0	1	380	{'4'}	1
19	10625593	10625757	1	4	0	0	0	1	381	{'4'}	1
19	13122884	13123217	1	4	0	0	0	1	382	{'4'}	1
19	13207392	13207547	1	1	1	0	0	0	383	{'1'}	1
19	13209883	13209966	1	3	0	0	1	0	384	{'3'}	1
19	15563007	15564271	1	4	0	0	0	1	385	{'4'}	1
19	15568258	15568559	1	4	0	0	0	1	386	{'4'}	1
19	17438109	17438122	1	2	0	1	0	0	387	{'2'}	1
19	17438192	17438538	1	2	0	1	0	0	388	{'2'}	1
19	17439925	17439960	1	1	1	0	0	0	389	{'1'}	1
19	19221308	19221495	1	2	0	1	0	0	390	{'2'}	1
19	29218496	29218648	1	2	0	1	0	0	391	{'2'}	1
19	30562823	30562921	1	3	0	0	1	0	392	{'3'}	1
19	33355759	33355935	1	2	0	1	0	0	393	{'2'}	1
19	35329907	35329981	1	3	0	0	1	0	394	{'3'}	1
19	35715962	35716024	1	3	0	0	1	0	395	{'3'}	1
19	36246486	36246770	1	3	0	0	1	0	396	{'3'}	1
19	38795051	38795137	1	2	0	1	0	0	397	{'2'}	1
19	38877739	38877816	1	3	0	0	1	0	398	{'3'}	1
19	39797888	39797925	1	4	0	0	0	1	399	{'4'}	1
19	39797997	39798790	4	4,2,4,4	0	1	0	3	400	{'2', '4'}	2
19	41119406	41119526	1	3	0	0	1	0	401	{'3'}	1
19	41119878	41119957	1	3	0	0	1	0	402	{'3'}	1
19	45594867	45594942	1	1	1	0	0	0	403	{'1'}	1
19	45595596	45595608	1	1	1	0	0	0	404	{'1'}	1
19	45720930	45721021	1	2	0	1	0	0	405	{'2'}	1
19	45899578	45899882	1	4	0	0	0	1	406	{'4'}	1
19	45899997	45900314	1	4	0	0	0	1	407	{'4'}	1
19	46380395	46380472	1	1	1	0	0	0	408	{'1'}	1
19	47329716	47329817	1	3	0	0	1	0	409	{'3'}	1
19	50319523	50319653	1	3	0	0	1	0	410	{'3'}	1
19	50706443	50706512	1	1	1	0	0	0	411	{'1'}	1
19	51021412	51021453	1	3	0	0	1	0	412	{'3'}	1
19	51892429	51892481	1	3	0	0	1	0	413	{'3'}	1
19	54848826	54848878	1	1	1	0	0	0	414	{'1'}	1
19	54993160	54993171	1	1	1	0	0	0	415	{'1'}	1
19	55598074	55598182	1	3	0	0	1	0	416	{'3'}	1
19	56879669	56879733	1	2	0	1	0	0	417	{'2'}	1
19	58038682	58038805	1	2	0	1	0	0	418	{'2'}	1
19	58867745	58868005	1	4	0	0	0	1	419	{'4'}	1
19	58868081	58868430	1	4	0	0	0	1	420	{'4'}	1
2	7148560	7148618	1	1	1	0	0	0	421	{'1'}	1
2	10587933	10587985	1	1	1	0	0	0	422	{'1'}	1
2	11621935	11621949	1	4	0	0	0	1	423	{'4'}	1
2	11622002	11622143	1	4	0	0	0	1	424	{'4'}	1
2	11622207	11622351	1	4	0	0	0	1	425	{'4'}	1
2	11622403	11622750	1	4	0	0	0	1	426	{'4'}	1
2	26685892	26685967	1	3	0	0	1	0	427	{'3'}	1
2	27305404	27305520	1	3	0	0	1	0	428	{'3'}	1
2	30453758	30453821	1	1	1	0	0	0	429	{'1'}	1
2	43452083	43452243	1	3	0	0	1	0	430	{'3'}	1
2	45180061	45180156	1	3	0	0	1	0	431	{'3'}	1
2	63274717	63274808	1	2	0	1	0	0	432	{'2'}	1
2	64235273	64235363	1	1	1	0	0	0	433	{'1'}	1
2	66666587	66666649	1	1	1	0	0	0	434	{'1'}	1
2	73147351	73147524	1	2	0	1	0	0	435	{'2'}	1
2	74726439	74726836	1	4	0	0	0	1	436	{'4'}	1
2	79739987	79740113	1	2	0	1	0	0	437	{'2'}	1
2	89064978	89065040	1	2	0	1	0	0	438	{'2'}	1
2	95401388	95401490	1	2	0	1	0	0	439	{'2'}	1
2	97166552	97166652	1	3	0	0	1	0	440	{'3'}	1
2	97215875	97216273	1	2	0	1	0	0	441	{'2'}	1
2	105459318	105459435	1	2	0	1	0	0	442	{'2'}	1
2	105459530	105459903	1	2	0	1	0	0	443	{'2'}	1
2	113298948	113299015	1	1	1	0	0	0	444	{'1'}	1
2	114035273	114035478	1	4	0	0	0	1	445	{'4'}	1
2	114035568	114035640	1	4	0	0	0	1	446	{'4'}	1
2	114257028	114257108	1	3	0	0	1	0	447	{'3'}	1
2	115919785	115920028	1	2	0	1	0	0	448	{'2'}	1
2	118618033	118618052	1	3	0	0	1	0	449	{'3'}	1
2	118618105	118618120	1	3	0	0	1	0	450	{'3'}	1
2	119616341	119616568	1	4	0	0	0	1	451	{'4'}	1
2	119616639	119616902	1	4	0	0	0	1	452	{'4'}	1
2	120281898	120282064	1	2	0	1	0	0	453	{'2'}	1
2	120601624	120601760	1	2	0	1	0	0	454	{'2'}	1
2	121499644	121499711	1	1	1	0	0	0	455	{'1'}	1
2	131721190	131721355	1	4	0	0	0	1	456	{'4'}	1
2	131721438	131721891	1	4	0	0	0	1	457	{'4'}	1
2	131773513	131773557	1	1	1	0	0	0	458	{'1'}	1
2	131913059	131913163	1	3	0	0	1	0	459	{'3'}	1
2	132111012	132111084	1	3	0	0	1	0	460	{'3'}	1
2	132218350	132218516	1	2	0	1	0	0	461	{'2'}	1
2	134024450	134024532	1	3	0	0	1	0	462	{'3'}	1
2	154728867	154729083	1	2	0	1	0	0	463	{'2'}	1
2	171573269	171573615	1	2	0	1	0	0	464	{'2'}	1
2	175200478	175200710	1	3	0	0	1	0	465	{'3'}	1
2	175201616	175201683	1	3	0	0	1	0	466	{'3'}	1
2	176944927	176945076	1	2	0	1	0	0	467	{'2'}	1
2	176948128	176948243	1	2	0	1	0	0	468	{'2'}	1
2	176948324	176948362	1	2	0	1	0	0	469	{'2'}	1
2	177022568	177022636	1	3	0	0	1	0	470	{'3'}	1
2	177022967	177023043	1	3	0	0	1	0	471	{'3'}	1
2	177036651	177036810	1	4	0	0	0	1	472	{'4'}	1
2	177037087	177037160	1	4	0	0	0	1	473	{'4'}	1
2	209225158	209225287	1	1	1	0	0	0	474	{'1'}	1
2	219737631	219737632	1	1	1	0	0	0	475	{'1'}	1
2	220312864	220313272	1	4	0	0	0	1	476	{'4'}	1
2	220313351	220314036	1	4	0	0	0	1	477	{'4'}	1
2	232236073	232236126	1	1	1	0	0	0	478	{'1'}	1
2	235471423	235471485	1	3	0	0	1	0	479	{'3'}	1
2	237123461	237123555	1	1	1	0	0	0	480	{'1'}	1
2	240489663	240489745	1	1	1	0	0	0	481	{'1'}	1
20	282416	282471	1	1	1	0	0	0	482	{'1'}	1
20	644852	645015	1	2	0	1	0	0	483	{'2'}	1
20	3732322	3732931	1	4	0	0	0	1	484	{'4'}	1
20	6750834	6750891	1	3	0	0	1	0	485	{'3'}	1
20	10259601	10259658	1	1	1	0	0	0	486	{'1'}	1
20	19955785	19956033	1	4	0	0	0	1	487	{'4'}	1
20	19956172	19956523	1	4	0	0	0	1	488	{'4'}	1
20	19956696	19956747	1	4	0	0	0	1	489	{'4'}	1
20	21503175	21503246	1	2	0	1	0	0	490	{'2'}	1
20	31261142	31261224	1	1	1	0	0	0	491	{'1'}	1
20	32856781	32856899	1	3	0	0	1	0	492	{'3'}	1
20	33741198	33741238	1	3	0	0	1	0	493	{'3'}	1
20	34129666	34129758	1	1	1	0	0	0	494	{'1'}	1
20	42544427	42544527	1	3	0	0	1	0	495	{'3'}	1
20	42744524	42744956	1	4	0	0	0	1	496	{'4'}	1
20	43040049	43040101	1	3	0	0	1	0	497	{'3'}	1
20	44829718	44829797	1	1	1	0	0	0	498	{'1'}	1
20	55200312	55200919	1	4	0	0	0	1	499	{'4'}	1
20	57042193	57042627	1	4	0	0	0	1	500	{'4'}	1
20	57415402	57415597	1	3	0	0	1	0	501	{'3'}	1
20	60814741	60814819	1	1	1	0	0	0	502	{'1'}	1
20	60912860	60912949	1	3	0	0	1	0	503	{'3'}	1
20	61284224	61284241	1	1	1	0	0	0	504	{'1'}	1
20	61287939	61288010	1	1	1	0	0	0	505	{'1'}	1
20	61460761	61460890	1	3	0	0	1	0	506	{'3'}	1
20	61862276	61862347	1	1	1	0	0	0	507	{'1'}	1
20	62166574	62166663	1	4	0	0	0	1	508	{'4'}	1
20	62167653	62168076	1	4	0	0	0	1	509	{'4'}	1
20	62402294	62402408	1	2	0	1	0	0	510	{'2'}	1
20	62683813	62683871	1	3	0	0	1	0	511	{'3'}	1
21	30449707	30449836	1	2	0	1	0	0	512	{'2'}	1
21	38076912	38077001	1	2	0	1	0	0	513	{'2'}	1
21	38117399	38117480	1	1	1	0	0	0	514	{'1'}	1
21	38120070	38120588	1	2	0	1	0	0	515	{'2'}	1
21	38630495	38630561	1	1	1	0	0	0	516	{'1'}	1
21	44347714	44347764	1	3	0	0	1	0	517	{'3'}	1
21	44553665	44553764	1	3	0	0	1	0	518	{'3'}	1
21	44592583	44592642	1	3	0	0	1	0	519	{'3'}	1
21	44850359	44850424	1	1	1	0	0	0	520	{'1'}	1
21	44883642	44883765	1	3	0	0	1	0	521	{'3'}	1
21	44886738	44886856	1	3	0	0	1	0	522	{'3'}	1
21	46238678	46238913	1	2	0	1	0	0	523	{'2'}	1
21	46317962	46319466	1	1	1	0	0	0	524	{'1'}	1
21	46352848	46352911	1	1	1	0	0	0	525	{'1'}	1
21	46404411	46404463	1	3	0	0	1	0	526	{'3'}	1
22	17266067	17266120	1	3	0	0	1	0	527	{'3'}	1
22	18530970	18531025	1	1	1	0	0	0	528	{'1'}	1
22	19753364	19753683	1	3	0	0	1	0	529	{'3'}	1
22	22862982	22863168	1	2	0	1	0	0	530	{'2'}	1
22	27052727	27052813	1	3	0	0	1	0	531	{'3'}	1
22	28195693	28196163	1	4	0	0	0	1	532	{'4'}	1
22	31423456	31423525	1	3	0	0	1	0	533	{'3'}	1
22	37465113	37465206	1	1	1	0	0	0	534	{'1'}	1
22	42705030	42705128	1	3	0	0	1	0	535	{'3'}	1
22	46368161	46368555	1	4	0	0	0	1	536	{'4'}	1
22	46403316	46403426	1	4	0	0	0	1	537	{'4'}	1
22	46403545	46403833	1	4	0	0	0	1	538	{'4'}	1
22	46469892	46474158	1	4	0	0	0	1	539	{'4'}	1
22	46474636	46474901	1	4	0	0	0	1	540	{'4'}	1
22	46475699	46476049	1	4	0	0	0	1	541	{'4'}	1
22	46476113	46476184	1	4	0	0	0	1	542	{'4'}	1
22	46476322	46476434	1	4	0	0	0	1	543	{'4'}	1
22	46476512	46477868	1	4	0	0	0	1	544	{'4'}	1
22	46479608	46479617	1	4	0	0	0	1	545	{'4'}	1
22	46481574	46481629	1	4	0	0	0	1	546	{'4'}	1
22	46481716	46481817	1	4	0	0	0	1	547	{'4'}	1
22	48972399	48972614	1	2	0	1	0	0	548	{'2'}	1
22	49599445	49599503	1	3	0	0	1	0	549	{'3'}	1
22	50978937	50978945	1	3	0	0	1	0	550	{'3'}	1
22	50985541	50985542	1	1	1	0	0	0	551	{'1'}	1
22	50986986	50987453	1	4	0	0	0	1	552	{'4'}	1
22	51042294	51042481	1	4	0	0	0	1	553	{'4'}	1
22	51042656	51043155	1	4	0	0	0	1	554	{'4'}	1
22	51135633	51135889	1	4	0	0	0	1	555	{'4'}	1
22	51135996	51136395	1	4	0	0	0	1	556	{'4'}	1
22	51158702	51159033	1	4	0	0	0	1	557	{'4'}	1
3	9988434	9988737	1	4	0	0	0	1	558	{'4'}	1
3	9988842	9988945	1	4	0	0	0	1	559	{'4'}	1
3	11610138	11610215	1	2	0	1	0	0	560	{'2'}	1
3	13611960	13612025	1	3	0	0	1	0	561	{'3'}	1
3	22414214	22414310	1	2	0	1	0	0	562	{'2'}	1
3	32433908	32433974	1	1	1	0	0	0	563	{'1'}	1
3	32668369	32668473	1	3	0	0	1	0	564	{'3'}	1
3	49723504	49723595	1	3	0	0	1	0	565	{'3'}	1
3	99595050	99595235	1	2	0	1	0	0	566	{'2'}	1
3	105831041	105831445	1	3	0	0	1	0	567	{'3'}	1
3	125899771	125899843	1	3	0	0	1	0	568	{'3'}	1
3	128209438	128209456	1	3	0	0	1	0	569	{'3'}	1
3	128764603	128764675	1	3	0	0	1	0	570	{'3'}	1
3	128764789	128764830	1	3	0	0	1	0	571	{'3'}	1
3	138663739	138663815	1	3	0	0	1	0	572	{'3'}	1
3	138663981	138664131	1	3	0	0	1	0	573	{'3'}	1
3	147139073	147139185	1	2	0	1	0	0	574	{'2'}	1
3	148415726	148415902	1	2	0	1	0	0	575	{'2'}	1
3	151645966	151646099	1	1	1	0	0	0	576	{'1'}	1
3	169720319	169720421	1	1	1	0	0	0	577	{'1'}	1
3	170303199	170303580	1	2	0	1	0	0	578	{'2'}	1
3	179754522	179754627	1	2	0	1	0	0	579	{'2'}	1
3	179754859	179755116	1	2	0	1	0	0	580	{'2'}	1
3	193587523	193587744	1	3	0	0	1	0	581	{'3'}	1
3	194208391	194208531	1	2	0	1	0	0	582	{'2'}	1
4	1195856	1195887	1	1	1	0	0	0	583	{'1'}	1
4	1401488	1401681	1	2	0	1	0	0	584	{'2'}	1
4	2292806	2292960	1	1	1	0	0	0	585	{'1'}	1
4	3447919	3448001	1	2	0	1	0	0	586	{'2'}	1
4	7812649	7812661	1	3	0	0	1	0	587	{'3'}	1
4	8861751	8861875	1	2	0	1	0	0	588	{'2'}	1
4	8913703	8913754	1	1	1	0	0	0	589	{'1'}	1
4	13762888	13762992	1	3	0	0	1	0	590	{'3'}	1
4	24801498	24801871	1	4	0	0	0	1	591	{'4'}	1
4	42153471	42153534	1	2	0	1	0	0	592	{'2'}	1
4	48492857	48493037	1	4	0	0	0	1	593	{'4'}	1
4	48493096	48493285	1	4	0	0	0	1	594	{'4'}	1
4	55098263	55098371	1	3	0	0	1	0	595	{'3'}	1
4	96470903	96470994	1	2	0	1	0	0	596	{'2'}	1
4	147560402	147560420	1	3	0	0	1	0	597	{'3'}	1
4	147560535	147560554	1	3	0	0	1	0	598	{'3'}	1
4	155411728	155411824	1	2	0	1	0	0	599	{'2'}	1
4	169798932	169799030	1	1	1	0	0	0	600	{'1'}	1
4	184827841	184828046	1	2	0	1	0	0	601	{'2'}	1
4	190905749	190905833	1	3	0	0	1	0	602	{'3'}	1
5	478159	478218	1	3	0	0	1	0	603	{'3'}	1
5	1275068	1275207	1	3	0	0	1	0	604	{'3'}	1
5	1878601	1878828	1	4	0	0	0	1	605	{'4'}	1
5	1885988	1886155	1	3	0	0	1	0	606	{'3'}	1
5	1886212	1886310	1	3	0	0	1	0	607	{'3'}	1
5	1886363	1886439	1	3	0	0	1	0	608	{'3'}	1
5	2748577	2748619	1	2	0	1	0	0	609	{'2'}	1
5	2748694	2748724	1	2	0	1	0	0	610	{'2'}	1
5	2749411	2749519	1	2	0	1	0	0	611	{'2'}	1
5	3594476	3594513	1	3	0	0	1	0	612	{'3'}	1
5	3596764	3596834	1	2	0	1	0	0	613	{'2'}	1
5	3600297	3600366	1	4	0	0	0	1	614	{'4'}	1
5	3600443	3600501	1	4	0	0	0	1	615	{'4'}	1
5	3600710	3601032	1	4	0	0	0	1	616	{'4'}	1
5	3602414	3602738	1	4	0	0	0	1	617	{'4'}	1
5	3603118	3605658	1	1	1	0	0	0	618	{'1'}	1
5	3605770	3605807	1	1	1	0	0	0	619	{'1'}	1
5	4230849	4230875	1	3	0	0	1	0	620	{'3'}	1
5	16179099	16179156	1	2	0	1	0	0	621	{'2'}	1
5	16179242	16179449	1	2	0	1	0	0	622	{'2'}	1
5	16179533	16179711	1	2	0	1	0	0	623	{'2'}	1
5	16179836	16179988	1	2	0	1	0	0	624	{'2'}	1
5	16180125	16180420	1	2	0	1	0	0	625	{'2'}	1
5	33937728	33937766	1	3	0	0	1	0	626	{'3'}	1
5	37834716	37836299	1	4	0	0	0	1	627	{'4'}	1
5	59189797	59189865	1	3	0	0	1	0	628	{'3'}	1
5	66462160	66462230	1	1	1	0	0	0	629	{'1'}	1
5	66462290	66462363	1	1	1	0	0	0	630	{'1'}	1
5	72677368	72677378	1	2	0	1	0	0	631	{'2'}	1
5	78985433	78985496	1	4	0	0	0	1	632	{'4'}	1
5	78985551	78985601	1	4	0	0	0	1	633	{'4'}	1
5	78985662	78985859	1	4	0	0	0	1	634	{'4'}	1
5	87956940	87956997	1	2	0	1	0	0	635	{'2'}	1
5	92906279	92906600	1	4	0	0	0	1	636	{'4'}	1
5	132161191	132161868	1	4	0	0	0	1	637	{'4'}	1
5	134363545	134363915	1	4	0	0	0	1	638	{'4'}	1
5	134363979	134364182	1	4	0	0	0	1	639	{'4'}	1
5	134374484	134374698	1	1	1	0	0	0	640	{'1'}	1
5	134374766	134374820	1	1	1	0	0	0	641	{'1'}	1
5	134871326	134871428	1	3	0	0	1	0	642	{'3'}	1
5	139227841	139227997	1	1	1	0	0	0	643	{'1'}	1
5	140563836	140563880	1	3	0	0	1	0	644	{'3'}	1
5	140871065	140871655	1	4	0	0	0	1	645	{'4'}	1
5	140871927	140872220	1	4	0	0	0	1	646	{'4'}	1
5	141705783	141705834	1	1	1	0	0	0	647	{'1'}	1
5	172110604	172111014	1	4	0	0	0	1	648	{'4'}	1
5	172111225	172111438	1	4	0	0	0	1	649	{'4'}	1
5	174158920	174159575	1	4	0	0	0	1	650	{'4'}	1
5	177509784	177509884	1	3	0	0	1	0	651	{'3'}	1
5	178003704	178003815	1	2	0	1	0	0	652	{'2'}	1
5	178003883	178004179	1	2	0	1	0	0	653	{'2'}	1
5	178986731	178986880	1	1	1	0	0	0	654	{'1'}	1
5	180601476	180601573	1	3	0	0	1	0	655	{'3'}	1
5	180708799	180708878	1	3	0	0	1	0	656	{'3'}	1
6	1601661	1602160	1	4	0	0	0	1	657	{'4'}	1
6	2763930	2763984	1	1	1	0	0	0	658	{'1'}	1
6	6007942	6007964	1	3	0	0	1	0	659	{'3'}	1
6	10134328	10134382	1	2	0	1	0	0	660	{'2'}	1
6	27795457	27795542	1	2	0	1	0	0	661	{'2'}	1
6	28303540	28303629	1	1	1	0	0	0	662	{'1'}	1
6	31539998	31540052	1	3	0	0	1	0	663	{'3'}	1
6	34202724	34202968	1	3	0	0	1	0	664	{'3'}	1
6	35453872	35454394	1	4	0	0	0	1	665	{'4'}	1
6	41650924	41650971	1	1	1	0	0	0	666	{'1'}	1
6	42072072	42072628	1	4	0	0	0	1	667	{'4'}	1
6	43214374	43214483	1	1	1	0	0	0	668	{'1'}	1
6	45631611	45631651	1	2	0	1	0	0	669	{'2'}	1
6	52172119	52172175	1	1	1	0	0	0	670	{'1'}	1
6	74024487	74024543	1	2	0	1	0	0	671	{'2'}	1
6	85472713	85472955	1	2	0	1	0	0	672	{'2'}	1
6	100441686	100441840	1	2	0	1	0	0	673	{'2'}	1
6	106429443	106429494	1	2	0	1	0	0	674	{'2'}	1
6	107955358	107955521	1	4	0	0	0	1	675	{'4'}	1
6	107956171	107956228	1	3	0	0	1	0	676	{'3'}	1
6	108489567	108489663	1	3	0	0	1	0	677	{'3'}	1
6	110299469	110299562	1	2	0	1	0	0	678	{'2'}	1
6	114181345	114181457	1	4	0	0	0	1	679	{'4'}	1
6	114181527	114181623	1	4	0	0	0	1	680	{'4'}	1
6	123317408	123317488	1	2	0	1	0	0	681	{'2'}	1
6	133562379	133562594	1	2	0	1	0	0	682	{'2'}	1
6	137809830	137810041	1	2	0	1	0	0	683	{'2'}	1
6	166720538	166720654	1	3	0	0	1	0	684	{'3'}	1
6	170338215	170338602	1	4	0	0	0	1	685	{'4'}	1
6	170606329	170606506	1	1	1	0	0	0	686	{'1'}	1
7	409407	409879	1	4	0	0	0	1	687	{'4'}	1
7	471908	471976	1	3	0	0	1	0	688	{'3'}	1
7	641866	642011	1	1	1	0	0	0	689	{'1'}	1
7	944115	944163	1	1	1	0	0	0	690	{'1'}	1
7	1351465	1351592	1	3	0	0	1	0	691	{'3'}	1
7	1545799	1545853	1	1	1	0	0	0	692	{'1'}	1
7	1564887	1565019	1	3	0	0	1	0	693	{'3'}	1
7	1576735	1577224	1	4	0	0	0	1	694	{'4'}	1
7	1687840	1687890	1	3	0	0	1	0	695	{'3'}	1
7	1952515	1952578	1	1	1	0	0	0	696	{'1'}	1
7	2571245	2571608	1	4	0	0	0	1	697	{'4'}	1
7	2968290	2968360	1	1	1	0	0	0	698	{'1'}	1
7	2968413	2968442	1	1	1	0	0	0	699	{'1'}	1
7	4209185	4209205	1	1	1	0	0	0	700	{'1'}	1
7	23245576	23246009	1	4	0	0	0	1	701	{'4'}	1
7	24324902	24325062	1	2	0	1	0	0	702	{'2'}	1
7	27138120	27138177	1	3	0	0	1	0	703	{'3'}	1
7	27146125	27146446	1	2	0	1	0	0	704	{'2'}	1
7	27146498	27146599	1	2	0	1	0	0	705	{'2'}	1
7	27153137	27153745	1	4	0	0	0	1	706	{'4'}	1
7	27155022	27155191	1	4	0	0	0	1	707	{'4'}	1
7	27169638	27169741	1	4	0	0	0	1	708	{'4'}	1
7	27181935	27182025	1	2	0	1	0	0	709	{'2'}	1
7	27182352	27182830	1	4	0	0	0	1	710	{'4'}	1
7	27182900	27183597	1	4	0	0	0	1	711	{'4'}	1
7	27195654	27196030	1	3	0	0	1	0	712	{'3'}	1
7	27196214	27196526	1	3	0	0	1	0	713	{'3'}	1
7	27209527	27209601	1	3	0	0	1	0	714	{'3'}	1
7	31092114	31092224	1	2	0	1	0	0	715	{'2'}	1
7	37487455	37487634	1	2	0	1	0	0	716	{'2'}	1
7	45002152	45002669	1	4	0	0	0	1	717	{'4'}	1
7	55810138	55810188	1	2	0	1	0	0	718	{'2'}	1
7	55810739	55810754	1	2	0	1	0	0	719	{'2'}	1
7	55810864	55810884	1	2	0	1	0	0	720	{'2'}	1
7	64349450	64349916	1	4	0	0	0	1	721	{'4'}	1
7	72814015	72814023	1	1	1	0	0	0	722	{'1'}	1
7	90895894	90896100	1	2	0	1	0	0	723	{'2'}	1
7	98245931	98246056	1	2	0	1	0	0	724	{'2'}	1
7	98971701	98971759	1	1	1	0	0	0	725	{'1'}	1
7	100393400	100393616	1	3	0	0	1	0	726	{'3'}	1
7	100735677	100736065	1	2	0	1	0	0	727	{'2'}	1
7	100874908	100874929	1	4	0	0	0	1	728	{'4'}	1
7	100875222	100875351	1	4	0	0	0	1	729	{'4'}	1
7	100875669	100875902	1	4	0	0	0	1	730	{'4'}	1
7	100876005	100876188	1	4	0	0	0	1	731	{'4'}	1
7	101961779	101961888	1	2	0	1	0	0	732	{'2'}	1
7	116964625	116964800	1	3	0	0	1	0	733	{'3'}	1
7	121940274	121940359	1	2	0	1	0	0	734	{'2'}	1
7	131913126	131913187	1	3	0	0	1	0	735	{'3'}	1
7	140135396	140135570	1	1	1	0	0	0	736	{'1'}	1
7	149462305	149462594	1	2	0	1	0	0	737	{'2'}	1
7	149463026	149463531	1	2	0	1	0	0	738	{'2'}	1
7	150778303	150778725	1	4	0	0	0	1	739	{'4'}	1
7	150778792	150778956	1	4	0	0	0	1	740	{'4'}	1
7	155242729	155242827	1	2	0	1	0	0	741	{'2'}	1
7	155599000	155599042	1	1	1	0	0	0	742	{'1'}	1
7	156735394	156735498	1	3	0	0	1	0	743	{'3'}	1
7	158293608	158293738	1	1	1	0	0	0	744	{'1'}	1
8	748390	748450	1	1	1	0	0	0	745	{'1'}	1
8	9763769	9763877	1	2	0	1	0	0	746	{'2'}	1
8	23572328	23572401	1	3	0	0	1	0	747	{'3'}	1
8	54998362	54998442	1	2	0	1	0	0	748	{'2'}	1
8	55370866	55371049	1	2	0	1	0	0	749	{'2'}	1
8	55380129	55380186	1	4	0	0	0	1	750	{'4'}	1
8	91541907	91542002	1	3	0	0	1	0	751	{'3'}	1
8	98289745	98289996	1	2	0	1	0	0	752	{'2'}	1
8	139509209	139509314	1	2	0	1	0	0	753	{'2'}	1
8	143782047	143782142	1	4	0	0	0	1	754	{'4'}	1
8	143782197	143782367	1	4	0	0	0	1	755	{'4'}	1
8	144267087	144267137	1	4	0	0	0	1	756	{'4'}	1
8	144267188	144268584	1	4	0	0	0	1	757	{'4'}	1
8	145009023	145009116	1	1	1	0	0	0	758	{'1'}	1
8	145103864	145103869	1	3	0	0	1	0	759	{'3'}	1
9	23821051	23821145	1	3	0	0	1	0	760	{'3'}	1
9	32783053	32783454	1	2	0	1	0	0	761	{'2'}	1
9	34578024	34578118	1	1	1	0	0	0	762	{'1'}	1
9	45119105	45119154	1	1	1	0	0	0	763	{'1'}	1
9	68809661	68809755	1	1	1	0	0	0	764	{'1'}	1
9	70921294	70921359	1	3	0	0	1	0	765	{'3'}	1
9	84350911	84350999	1	1	1	0	0	0	766	{'1'}	1
9	89856393	89856449	1	3	0	0	1	0	767	{'3'}	1
9	94860345	94860513	1	1	1	0	0	0	768	{'1'}	1
9	98514565	98514625	1	1	1	0	0	0	769	{'1'}	1
9	98981571	98981637	1	2	0	1	0	0	770	{'2'}	1
9	99838759	99838768	1	1	1	0	0	0	771	{'1'}	1
9	100617069	100617299	1	1	1	0	0	0	772	{'1'}	1
9	100620014	100620080	1	1	1	0	0	0	773	{'1'}	1
9	116225729	116226123	1	4	0	0	0	1	774	{'4'}	1
9	126775546	126775632	1	1	1	0	0	0	775	{'1'}	1
9	128173018	128173086	1	3	0	0	1	0	776	{'3'}	1
9	129372590	129372691	1	1	1	0	0	0	777	{'1'}	1
9	129387145	129387228	1	1	1	0	0	0	778	{'1'}	1
9	129388139	129388577	1	1	1	0	0	0	779	{'1'}	1
9	129388668	129388763	1	1	1	0	0	0	780	{'1'}	1
9	130517095	130517347	1	4	0	0	0	1	781	{'4'}	1
9	130517428	130517827	1	4	0	0	0	1	782	{'4'}	1
9	130616521	130616697	1	1	1	0	0	0	783	{'1'}	1
9	134115779	134115833	1	1	1	0	0	0	784	{'1'}	1
9	134127768	134127769	1	1	1	0	0	0	785	{'1'}	1
9	134127853	134127914	1	1	1	0	0	0	786	{'1'}	1
9	137662986	137663019	1	1	1	0	0	0	787	{'1'}	1
9	138384926	138385030	1	1	1	0	0	0	788	{'1'}	1
9	139715757	139716078	1	4	0	0	0	1	789	{'4'}	1
9	140213257	140213421	1	3	0	0	1	0	790	{'3'}	1
9	140281583	140281675	1	3	0	0	1	0	791	{'3'}	1
9	140400310	140400361	1	2	0	1	0	0	792	{'2'}	1
